-- phpMyAdmin SQL Dump
-- version 5.1.1
-- https://www.phpmyadmin.net/
--
-- Хост: 127.0.0.1
-- Время создания: Сен 14 2022 г., 19:18
-- Версия сервера: 10.4.22-MariaDB
-- Версия PHP: 8.1.1

SET SQL_MODE = "NO_AUTO_VALUE_ON_ZERO";
START TRANSACTION;
SET time_zone = "+00:00";


/*!40101 SET @OLD_CHARACTER_SET_CLIENT=@@CHARACTER_SET_CLIENT */;
/*!40101 SET @OLD_CHARACTER_SET_RESULTS=@@CHARACTER_SET_RESULTS */;
/*!40101 SET @OLD_COLLATION_CONNECTION=@@COLLATION_CONNECTION */;
/*!40101 SET NAMES utf8mb4 */;

--
-- База данных: `blogsite`
--

-- --------------------------------------------------------

--
-- Структура таблицы `about`
--

CREATE TABLE `about` (
  `id` bigint(20) UNSIGNED NOT NULL,
  `about_description` text COLLATE utf8mb4_unicode_ci NOT NULL,
  `created_at` timestamp NULL DEFAULT NULL,
  `updated_at` timestamp NULL DEFAULT NULL
) ENGINE=InnoDB DEFAULT CHARSET=utf8mb4 COLLATE=utf8mb4_unicode_ci;

--
-- Дамп данных таблицы `about`
--

INSERT INTO `about` (`id`, `about_description`, `created_at`, `updated_at`) VALUES
(1, 'Non eligendi non sapiente velit aut delectus. At quo odit dolorem ipsa iure. Nostrum autem eum nam consequatur earum deleniti molestiae quo. Repellendus eligendi doloremque omnis corrupti iure est laudantium. Atque at dolor voluptatibus in itaque id maiores. Libero optio nam et et laborum dicta et sint. Nulla cumque sit fugit aut tempore quia aspernatur. Rem dolores consequatur illum id ut. Rerum rerum fugit perspiciatis beatae quos itaque magnam est. Rerum aliquid nemo a velit. Esse numquam vitae ullam atque quis. Sed cumque suscipit adipisci architecto velit optio. Aut ex possimus minus accusantium cumque non in ratione. Sunt et numquam maxime autem nihil. Dolorum dolorem asperiores ad deleniti dolorum quod. Laborum tempore placeat vitae nisi et. Corporis non delectus commodi natus. Consequatur repellat placeat rem rem minus. Laboriosam amet doloribus consequuntur ut. Quidem quia consequuntur recusandae perferendis sequi. Aut enim rerum corrupti reprehenderit quod. Ea fugiat optio eveniet nostrum ut labore maxime. Unde totam sit error vero excepturi quia minima quam. Sed unde commodi iste. Aut eos est non incidunt dolore rerum sequi. In et sunt laboriosam eaque aperiam cumque est laboriosam. Sapiente blanditiis aliquam quo et dignissimos sequi rerum. Ut tempora nihil dolores et. Est explicabo necessitatibus optio vero. Qui dignissimos libero nisi et dolore molestias. Placeat temporibus quia et itaque sequi. Rerum dolor laborum ipsum illo. Sit quo est animi repellat incidunt similique ratione. Placeat inventore error laborum in commodi nobis.<font color=\"#000000\" style=\"background-color: rgb(255, 255, 0);\"><span style=\"font-family: &quot;Arial Black&quot;;\"> update test&nbsp;</span></font>', '2022-09-12 11:48:42', '2022-09-12 13:16:15');

-- --------------------------------------------------------

--
-- Структура таблицы `categories`
--

CREATE TABLE `categories` (
  `id` bigint(20) UNSIGNED NOT NULL,
  `category_name` varchar(255) COLLATE utf8mb4_unicode_ci NOT NULL,
  `category_slug` varchar(255) COLLATE utf8mb4_unicode_ci NOT NULL,
  `category_status` enum('active','passive','draft') COLLATE utf8mb4_unicode_ci NOT NULL,
  `created_at` timestamp NULL DEFAULT NULL,
  `updated_at` timestamp NULL DEFAULT NULL
) ENGINE=InnoDB DEFAULT CHARSET=utf8mb4 COLLATE=utf8mb4_unicode_ci;

--
-- Дамп данных таблицы `categories`
--

INSERT INTO `categories` (`id`, `category_name`, `category_slug`, `category_status`, `created_at`, `updated_at`) VALUES
(7, 'Medeniyet', 'medeniyet', 'active', '2022-09-12 13:57:03', '2022-09-12 13:57:03'),
(8, 'Sport', 'sport', 'active', '2022-09-12 13:57:12', '2022-09-12 13:57:12'),
(10, 'Bilim', 'bilim', 'active', '2022-09-14 09:16:35', '2022-09-14 09:16:35'),
(12, 'Syýahatçylyk', 'syyahatcylyk', 'active', '2022-09-14 11:56:49', '2022-09-14 11:56:49'),
(13, 'Tehnologiýa', 'tehnologiya', 'active', '2022-09-14 11:57:10', '2022-09-14 11:57:10'),
(14, 'Saglyk', 'saglyk', 'active', '2022-09-14 11:57:43', '2022-09-14 11:57:43'),
(15, 'Syýasat', 'syyasat', 'active', '2022-09-14 12:01:04', '2022-09-14 12:01:04');

-- --------------------------------------------------------

--
-- Структура таблицы `contact`
--

CREATE TABLE `contact` (
  `id` bigint(20) UNSIGNED NOT NULL,
  `tel_number` varchar(255) COLLATE utf8mb4_unicode_ci NOT NULL,
  `email_address` varchar(255) COLLATE utf8mb4_unicode_ci NOT NULL,
  `address` varchar(255) COLLATE utf8mb4_unicode_ci NOT NULL,
  `created_at` timestamp NULL DEFAULT NULL,
  `updated_at` timestamp NULL DEFAULT NULL
) ENGINE=InnoDB DEFAULT CHARSET=utf8mb4 COLLATE=utf8mb4_unicode_ci;

--
-- Дамп данных таблицы `contact`
--

INSERT INTO `contact` (`id`, `tel_number`, `email_address`, `address`, `created_at`, `updated_at`) VALUES
(1, '+99365097512', 'hudayberdipolat@gmail.com', 'Ashgabat, Turkmenistan', '2022-09-12 11:48:42', '2022-09-12 13:34:05');

-- --------------------------------------------------------

--
-- Структура таблицы `failed_jobs`
--

CREATE TABLE `failed_jobs` (
  `id` bigint(20) UNSIGNED NOT NULL,
  `uuid` varchar(255) COLLATE utf8mb4_unicode_ci NOT NULL,
  `connection` text COLLATE utf8mb4_unicode_ci NOT NULL,
  `queue` text COLLATE utf8mb4_unicode_ci NOT NULL,
  `payload` longtext COLLATE utf8mb4_unicode_ci NOT NULL,
  `exception` longtext COLLATE utf8mb4_unicode_ci NOT NULL,
  `failed_at` timestamp NOT NULL DEFAULT current_timestamp()
) ENGINE=InnoDB DEFAULT CHARSET=utf8mb4 COLLATE=utf8mb4_unicode_ci;

-- --------------------------------------------------------

--
-- Структура таблицы `habarlar`
--

CREATE TABLE `habarlar` (
  `id` bigint(20) UNSIGNED NOT NULL,
  `habar_title` varchar(255) COLLATE utf8mb4_unicode_ci NOT NULL,
  `habar_slug` varchar(255) COLLATE utf8mb4_unicode_ci NOT NULL,
  `habar_description` text COLLATE utf8mb4_unicode_ci NOT NULL,
  `habar_status` enum('active','passive','draft') COLLATE utf8mb4_unicode_ci NOT NULL,
  `habar_image` varchar(255) COLLATE utf8mb4_unicode_ci NOT NULL,
  `category_id` bigint(20) UNSIGNED NOT NULL,
  `created_at` timestamp NULL DEFAULT NULL,
  `updated_at` timestamp NULL DEFAULT NULL
) ENGINE=InnoDB DEFAULT CHARSET=utf8mb4 COLLATE=utf8mb4_unicode_ci;

--
-- Дамп данных таблицы `habarlar`
--

INSERT INTO `habarlar` (`id`, `habar_title`, `habar_slug`, `habar_description`, `habar_status`, `habar_image`, `category_id`, `created_at`, `updated_at`) VALUES
(13, 'Putin Samarkantda Serdar Berdimuhamedow bilen ikiçäk duşuşyk geçirer', 'putin-samarkantda-serdar-berdimuhamedow-bilen-ikicak-dususyk-gecirer', '<p style=\"margin-right: 0px; margin-bottom: 20px; margin-left: 0px; word-break: break-word; color: rgb(0, 0, 0); font-family: &quot;PT Root UI&quot;, sans-serif; text-align: justify;\"><a href=\"https://turkmenportal.com/tm/blog/50976\" target=\"_blank\" style=\"color: rgb(66, 139, 202); text-decoration-line: none;\">Ozal habar berşimiz ýaly,</a>&nbsp;şu ýylyň 15-16-njy sentýabrynda Özbegistan Respublikasynyň Samarkant şäherinde Şanhaý Hyzmatdaşlyk Guramasynyň nobatdaky mejlisi geçiriler. Türkmenistanyň Prezidenti Serdar Berdimuhamedow bu sammite hormatly myhman hökmünde gatnaşar.</p><p style=\"margin-right: 0px; margin-bottom: 20px; margin-left: 0px; word-break: break-word; color: rgb(0, 0, 0); font-family: &quot;PT Root UI&quot;, sans-serif; text-align: justify;\">Nobatdaky halkara forumyň çäklerinde daşary ýurtlaryň döwlet we hökümet Baştutanlarynyň ikitaraplaýyn duşuşyklarynyň geçirilmegi meýilleşdirilýär. Resmi rus internet neşirlerinde habar berilmegine görä, sammitiň çäklerinde Russiýa Federasiýasynyň Prezidenti Wladimir Putin Türkmenistanyň Prezidenti Serdar Berdimuhamedow bilen ikiçäk gepleşikleri geçirer. Duşuşygyň dowamynda türkmen-rus strategik hyzmatdaşlygynyň häzirki ýagdaýy we geljegi ara alnyp maslahatlaşylar, şeýle-de özara gyzyklanma bildirilýän sowallar boýunça pikir alşylar.</p><p style=\"margin-right: 0px; margin-bottom: 20px; margin-left: 0px; word-break: break-word; color: rgb(0, 0, 0); font-family: &quot;PT Root UI&quot;, sans-serif; text-align: justify;\">Bellenilişi ýaly, gadymy Samarkant şäherinde geçiriljek sammite guramanyň agzalary bolan Russiýanyň, Özbegistanyň, Hytaýyň, Gazagystanyň, Gyrgyzystanyň, Täjigistanyň Prezidentleri, Hindistanyň, Pakistanyň Premýer-ministrleri, gurama synçy döwletler bolan Belarusyň, Eýranyň, Mongoliýanyň Prezidentleri, şeýle-de sammite hormatly myhman hökmünde çagyrylan Türkmenistanyň, Türkiýäniň, Azerbaýjanyň Prezidentleri we Ermenistanyň Premýer-ministri gatnaşarlar.</p><p style=\"margin-right: 0px; margin-bottom: 20px; margin-left: 0px; word-break: break-word; color: rgb(0, 0, 0); font-family: &quot;PT Root UI&quot;, sans-serif; text-align: justify;\">Şu ýylyň 26-njy awgustynda Türkmenistanyň Prezidenti Serdar Berdimuhamedow Aşgabada gelen Özbegistan Respublikasynyň daşary işler ministri W.Norow we Özbegistan Respublikasynyň Prezidentiniň ýanyndaky Howpsuzlyk geňeşiniň sekretarynyň orunbasary, Özbegistan Respublikasynyň Prezidentiniň daşary syýasat meseleleri boýunça Ýörite wekili A.Kamilow bilen geçiren duşuşygynda Şanhaý Hyzmatdaşlyk Guramasynyň nobatdaky sammitinde öňe sürüljek garaýyşlar boýunça pikir alyşdy.</p>', 'active', '20220914165925putin.jpg', 15, '2022-09-13 08:57:28', '2022-09-14 12:01:24'),
(19, 'Türkmenistan bilen Azerbaýjanyň arasynda Hazar deňziniň meseleleri boýunça duşuşyk geçirildi', 'turkmenistan-bilen-azerbayjanyn-arasynda-hazar-denzinin-meseleleri-boyunca-dususyk-gecirildi', '<p style=\"margin-right: 0px; margin-bottom: 20px; margin-left: 0px; word-break: break-word; color: rgb(0, 0, 0); font-family: &quot;PT Root UI&quot;, sans-serif; text-align: justify;\">12-13-nji sentýabrynda Azerbaýjan Respublikasynyň Baku şäherinde Hazar deňziniň düýbüni çäklendirmegiň meseleleri boýunça bilelikdäki Iş toparynyň nobatdaky duşuşygy geçirildi.</p><p style=\"margin-right: 0px; margin-bottom: 20px; margin-left: 0px; word-break: break-word; color: rgb(0, 0, 0); font-family: &quot;PT Root UI&quot;, sans-serif; text-align: justify;\">Türkmenistanyň wekiliýetine Hazar deňzi institutynyň direktory, Türkmenistanyň Hazar deňzi boýunça ýörite wekili M.Atajanow, azerbaýjan wekiliýetine bolsa daşary işler ministriniň orunbasary, Azerbaýjan Respublikasynyň Prezidentiniň Serhetler we Hazar deňzi boýunça ýörite wekili H.Halafow ýolbaşçylyk etdi. Bu barada Türkmenistanyň Daşary işler ministrliginiň resmi saýtynda habar berildi.</p><p style=\"margin-right: 0px; margin-bottom: 20px; margin-left: 0px; word-break: break-word; color: rgb(0, 0, 0); font-family: &quot;PT Root UI&quot;, sans-serif; text-align: justify;\">Duşuşyga Türkmenistanyň we Azerbaýjan Respublikasynyň degişli ministrlikleriniň we pudak edaralarynyň wekilleri gatnaşdylar.</p><p style=\"margin-right: 0px; margin-bottom: 20px; margin-left: 0px; word-break: break-word; color: rgb(0, 0, 0); font-family: &quot;PT Root UI&quot;, sans-serif; text-align: justify;\">Duşuşygyň dowamynda iki ýurduň arasynda Hazar deňziniň düýbüni çäklendirmek baradaky Türkmenistan bilen Azerbaýjan Respublikasynyň arasyndaky Ylalaşygyň taslamasynyň düzgünleri ara alnyp maslahatlaşyldy.</p><p style=\"margin-right: 0px; margin-bottom: 20px; margin-left: 0px; word-break: break-word; color: rgb(0, 0, 0); font-family: &quot;PT Root UI&quot;, sans-serif; text-align: justify;\">Taraplar Hazar deňziniň düýbüni çäklendirmegiň meseleleri boýunça gepleşikleri dowam etdirmek barada ylalaşdylar.</p>', 'active', '20220914170222.jpg', 15, '2022-09-14 12:02:22', '2022-09-14 12:02:22'),
(20, 'Aşgabatda çeperçilik sungatynyň ýaş wekilleriniň sergisi ýaýbaňlandyryldy', 'asgabatda-cepercilik-sungatynyn-yas-wekillerinin-sergisi-yaybanlandyryldy', '<p style=\"margin-right: 0px; margin-bottom: 20px; margin-left: 0px; word-break: break-word; color: rgb(0, 0, 0); font-family: &quot;PT Root UI&quot;, sans-serif; text-align: justify;\">Türkmenistanyň Garaşsyzlygynyň 31 ýyllygy mynasybetli Döwlet Şekillendiriş sungaty muzeýinde ýaş suratkeşleriň sergisi açydy. Sergide eserleri ýerleşdirilen ýaş döredijileriň arasynda Döwlet çeperçilik akademiýasynyň hem-de çeperçilik mekdebiniň talyplary we uçurymlary bar.</p><p style=\"margin-right: 0px; margin-bottom: 20px; margin-left: 0px; word-break: break-word; color: rgb(0, 0, 0); font-family: &quot;PT Root UI&quot;, sans-serif; text-align: justify;\"><a href=\"https://turkmenportal.com/images/uploads/images/130922-004.jpg\" class=\"fancybox\" rel=\"blog\" data-fancybox=\"test\" data-caption=\"<h1 style=\'width: 100%; text-align: center;\'><h1>\" style=\"color: rgb(66, 139, 202); text-decoration-line: none; cursor: zoom-in;\"><img alt=\"\" src=\"https://turkmenportal.com/images/uploads/images/130922-004.jpg\" style=\"border: 0px; margin: 10px; height: 333px; width: 500px;\"></a></p><p style=\"margin-right: 0px; margin-bottom: 20px; margin-left: 0px; word-break: break-word; color: rgb(0, 0, 0); font-family: &quot;PT Root UI&quot;, sans-serif; text-align: justify;\">Sergide žiwopis, plastika we keramika işleri ýerleşdirilipdir.</p><p style=\"margin-right: 0px; margin-bottom: 20px; margin-left: 0px; word-break: break-word; color: rgb(0, 0, 0); font-family: &quot;PT Root UI&quot;, sans-serif; text-align: justify;\"><a href=\"https://turkmenportal.com/images/uploads/images/130922-009.jpg\" class=\"fancybox\" rel=\"blog\" data-fancybox=\"test\" data-caption=\"<h1 style=\'width: 100%; text-align: center;\'><h1>\" style=\"color: rgb(66, 139, 202); text-decoration-line: none; cursor: zoom-in;\"><img alt=\"\" src=\"https://turkmenportal.com/images/uploads/images/130922-009.jpg\" style=\"border: 0px; margin: 10px; height: 406px; width: 500px;\"></a></p><p style=\"margin-right: 0px; margin-bottom: 20px; margin-left: 0px; word-break: break-word; color: rgb(0, 0, 0); font-family: &quot;PT Root UI&quot;, sans-serif; text-align: justify;\">Dürli göwrümdäki eserler türkmen döwletiniň Garaşsyzlygy bilen bagly dürli döwürleriň wakalaryna hem-de pursatlaryna beslenipdir ― diýip, «Türkmenistan: Altyn asyr» neşiri ýazýar.</p>', 'active', '20220914170312.jpg', 7, '2022-09-14 12:03:12', '2022-09-14 12:03:12'),
(21, '«Çalsana, bagşy!» bäsleşiginiň ýeňijileri yglan edildi', 'calsana-bagsy-baslesiginin-yenijileri-yglan-edildi', '<p style=\"margin-right: 0px; margin-bottom: 20px; margin-left: 0px; word-break: break-word; color: rgb(0, 0, 0); font-family: &quot;PT Root UI&quot;, sans-serif; text-align: justify;\">Şu gün Döwlet medeniýet merkeziniň Mukamlar köşgünde Türkmenistanyň Prezidentiniň «Türkmeniň Altyn asyry» atly baýragyny almak ugrundaky bäsleşigiň çäklerinde dutarçy bagşy-sazandalaryň arasynda ilkinji gezek guralýan «Çalsana, bagşy!» bäsleşiginiň jemleýji tapgyry geçirildi. Oňa welaýatlardan we Aşgabat şäherinden bäsleşigiň deslapky tapgyrlarynda ýeňiji bolmagy başaran ýaş dutarçy bagşy-sazandalar gatnaşdylar.</p><p style=\"margin-right: 0px; margin-bottom: 20px; margin-left: 0px; word-break: break-word; color: rgb(0, 0, 0); font-family: &quot;PT Root UI&quot;, sans-serif; text-align: justify;\">Bäsleşigiň jemleýji tapgyrynda geçirilen konsertiň tertipnamasyna laýyklykda, ilki bilen, bäsleşige gatnaşyjylar «Jadyly dutar» atly edebi aýdym-sazly kompozisiýany bilelikde ýerine ýetirdiler.</p><p style=\"margin-right: 0px; margin-bottom: 20px; margin-left: 0px; word-break: break-word; color: rgb(0, 0, 0); font-family: &quot;PT Root UI&quot;, sans-serif; text-align: justify;\">Soňra günüň birinji ýarymynda bäsleşige gatnaşan dutarçy sazandalar öz aralarynda bäsleşip, nobatma-nobat türkmen halk sazlaryny ýerine ýetirdiler.</p><p style=\"margin-right: 0px; margin-bottom: 20px; margin-left: 0px; word-break: break-word; color: rgb(0, 0, 0); font-family: &quot;PT Root UI&quot;, sans-serif; text-align: justify;\">Günüň ikinji ýarymynda bolsa bäsleşige gatnaşan dutarçy bagşylar gezekli-gezegine öz ukyp-başarnyklaryny görkezip, türkmen halk aýdymlaryny ýerine ýetirdiler.</p><p style=\"margin-right: 0px; margin-bottom: 20px; margin-left: 0px; word-break: break-word; color: rgb(0, 0, 0); font-family: &quot;PT Root UI&quot;, sans-serif; text-align: justify;\">Bäsleşigiň ahyrynda oňa gatnaşyjylar Aýjemal Gaýlyýewanyň sözlerine, Gurbanmyrat Baýjykowyň sazyna döredilen «Arkadagly Serdar bilen» atly aýdymy bilelikde ýerine ýetirdiler.</p><p style=\"margin-right: 0px; margin-bottom: 20px; margin-left: 0px; word-break: break-word; color: rgb(0, 0, 0); font-family: &quot;PT Root UI&quot;, sans-serif; text-align: justify;\"><a href=\"https://turkmenportal.com/images/uploads/images/%D0%9E%D0%B2%D0%B0%D0%B7%D0%B3%D0%B5%D0%BB%D1%8C%D0%B4%D0%B8%20%D0%9F%D0%B5%D0%BB%D1%8C%D0%B2%D0%B0%D0%BD%D0%BE%D0%B2.jpg\" class=\"fancybox\" rel=\"blog\" data-fancybox=\"test\" data-caption=\"<h1 style=\'width: 100%; text-align: center;\'><h1>\" style=\"color: rgb(66, 139, 202); text-decoration-line: none; cursor: zoom-in;\"><img alt=\"\" src=\"https://turkmenportal.com/images/uploads/images/%D0%9E%D0%B2%D0%B0%D0%B7%D0%B3%D0%B5%D0%BB%D1%8C%D0%B4%D0%B8%20%D0%9F%D0%B5%D0%BB%D1%8C%D0%B2%D0%B0%D0%BD%D0%BE%D0%B2.jpg\" style=\"border: 0px; margin: 10px; height: 347px; width: 260px;\"></a>&nbsp;<a href=\"https://turkmenportal.com/images/uploads/images/%D0%9E%D0%B3%D1%83%D0%BB%D0%BD%D0%B0%D0%B1%D0%B0%D1%82%20%D0%91%D0%B5%D1%80%D0%B4%D0%B8%D0%B5%D0%B2%D0%B0.jpg\" class=\"fancybox\" rel=\"blog\" data-fancybox=\"test\" data-caption=\"<h1 style=\'width: 100%; text-align: center;\'><h1>\" style=\"color: rgb(66, 139, 202); text-decoration-line: none; cursor: zoom-in;\"><img alt=\"\" src=\"https://turkmenportal.com/images/uploads/images/%D0%9E%D0%B3%D1%83%D0%BB%D0%BD%D0%B0%D0%B1%D0%B0%D1%82%20%D0%91%D0%B5%D1%80%D0%B4%D0%B8%D0%B5%D0%B2%D0%B0.jpg\" style=\"border: 0px; margin: 10px; height: 347px; width: 260px;\"></a></p><p style=\"margin-right: 0px; margin-bottom: 20px; margin-left: 0px; word-break: break-word; color: rgb(0, 0, 0); font-family: &quot;PT Root UI&quot;, sans-serif; text-align: justify;\">Bäsleşigiň netijelerine laýyklykda, Maýa Kulyýewa adyndaky Türkmen milli konserwatoriýasynyň türkmen sazy kafedrasynyň mugallymy Murad Aşirow, Türkmenistanyň Ministrler Kabinetiniň ýanyndaky Ulag we kommunikasiýalar agentliginiň «Türkmenhowaýollary» agentliginiň Jemagat-hojalyk kärhanasynyň «Laçyn» tans-saz folklor toparynyň birinji derejeli artist-wokalisti Öwezgeldi Amanow, «Türkmengaz» döwlet konserniniň «Işçi iýmiti üpjünçiligi we hyzmatlar» müdirliginiň Medeni-işewürlik merkeziniň «Galkynyş» folklor toparynyň 1-nji derejeli artisti Owazgeldi Pälwanow, Maýa Kulyýewa adyndaky Türkmen milli konserwatoriýasynyň ýanyndaky Daňatar Öwezow adyndaky Türkmen döwlet ýörite sazçylyk mekdebiniň mugallymy Döwlet Daňatarow, Balkan welaýat ýörite sungat mekdebiniň mugallymy Hojaguly Hojagulyýew, Maýa Kulyýewa adyndaky Türkmen milli konserwatoriýasynyň halk sazy fakultetiniň bagşy hünäriniň talyby Täzegül Atajanowa, Balkan welaýatynyň ýörite sungat mekdebiniň mugallymy Amangeldi Durdyýew, Daşoguzyň Magtymguly Garlyýew adyndaky ýörite sungat mekdebiniň mugallymy Mekan Jumageldiýew, Lebap welaýatynyň Halaç etrap medeniýet bölüminiň çeper höwesjeňi Haýytmyrat Illiýew, Lebap welaýat ýörite sungat mekdebiniň dutar hünäri boýunça mugallymy Gurban Çaryýew, Maýa Kulyýewa adyndaky Türkmen milli konserwatoriýasynyň halk sazy fakultetiniň türkmen sazy hünäriniň talyby Ogulnabat Berdiýewa, Mary welaýat Medeniýet müdirliginiň Oguz han etrap çagalar sungat mekdebiniň bagşy hünäriniň mugallymy Omor Şiriýew ýeňijiler diýlip yglan edildi.</p><p style=\"margin-right: 0px; margin-bottom: 20px; margin-left: 0px; word-break: break-word; color: rgb(0, 0, 0); font-family: &quot;PT Root UI&quot;, sans-serif; text-align: justify;\">Bäsleşigiň ýeňijileri Türkmenistanyň Prezidentiniň altyn zynjyry hem-de gymmat bahaly sowgatlar bilen sylaglandy.</p>', 'active', '20220914170353.jpg', 7, '2022-09-14 12:03:53', '2022-09-14 12:03:53'),
(22, 'Türkmenistanly talyplar Halkara olimpiadanyň jemleýji tapgyryna gatnaşmak üçin Soçä gider', 'turkmenistanly-talyplar-halkara-olimpiadanyn-jemleyji-tapgyryna-gatnasmak-ucin-soca-gider', '<p style=\"margin-right: 0px; margin-bottom: 20px; margin-left: 0px; word-break: break-word; color: rgb(0, 0, 0); font-family: &quot;PT Root UI&quot;, sans-serif; text-align: justify;\">10 adamdan ybarat milli talyplar topary Soçidäki «Sirius» ylym merkezinde geçiriljek Halkara maliýe howpsuzlygy olimpiadasynyň finalynda Türkmenistana wekilçilik eder.</p><p style=\"margin-right: 0px; margin-bottom: 20px; margin-left: 0px; word-break: break-word; color: rgb(0, 0, 0); font-family: &quot;PT Root UI&quot;, sans-serif; text-align: justify;\">Olimpiada Federal maliýe gözegçilik gullugy, Bilim ministrligi we Russiýa Federasiýasynyň Ylym we ýokary bilim ministrligi tarapyndan geçirilýär. Olimpiadanyň jemleýji tapgyry&nbsp;<strong style=\"font-weight: bold;\">10 — 14-nji oktýabr</strong>&nbsp;aralygynda bolar.</p><p style=\"margin-right: 0px; margin-bottom: 20px; margin-left: 0px; word-break: break-word; color: rgb(0, 0, 0); font-family: &quot;PT Root UI&quot;, sans-serif; text-align: justify;\">«Türkmenistan: Altyn asyr» elektron neşiriniň habar bermegine görä, Türkmenistanyň milli topary ýurduň 5 ýokary okuw mekdebiň — Magtymguly adyndaky Türkmen döwlet uniwersitetiniň, Halkara ynsanperwer ylymlary we ösüş uniwersitetiniň, Türkmen döwlet maliýe institutynyň, Daşary işler ministrliginiň Halkara gatnaşyklar institutynyň, Türkmen döwlet binagärlik-gurluşyk institutynyň talyplaryndan düzüler</p><p style=\"margin-right: 0px; margin-bottom: 20px; margin-left: 0px; word-break: break-word; color: rgb(0, 0, 0); font-family: &quot;PT Root UI&quot;, sans-serif; text-align: justify;\">Olimpiadanyň jemleýji tapgyrynyň maksatnamasy bilim, medeni we sport çärelerini öz içine alýar.</p><p style=\"margin-right: 0px; margin-bottom: 20px; margin-left: 0px; word-break: break-word; color: rgb(0, 0, 0); font-family: &quot;PT Root UI&quot;, sans-serif; text-align: justify;\">Olimpiada Russiýadan, Türkmenistandan, Ermenistandan, Belarusdan, Gazagystandan, Gyrgyzystandan, Täjigistandan, Özbegistandan wekiller gatnaşarlar. Olimpiadanyň resmi dilleri rus we iňlis bolar.</p>', 'active', '20220914170451.jpg', 10, '2022-09-14 12:04:51', '2022-09-14 12:04:51'),
(23, 'Türkmenistanyň Daşary işler ministrliginiň HGI talyplarynyň rus we iňlis dillerini näderejede bilýändikleri barlanyldy', 'turkmenistanyn-dasary-isler-ministrliginin-hgi-talyplarynyn-rus-we-inlis-dillerini-naderejede-bilyandikleri-barlanyldy', '<div class=\"article_text\" itemprop=\"articleBody\" style=\"font-family: &quot;PT Root UI&quot;, sans-serif; padding-bottom: 10px; line-height: 1.57; margin: 18px 0px; color: rgb(0, 0, 0);\"><p style=\"margin-right: 0px; margin-bottom: 20px; margin-left: 0px; word-break: break-word; text-align: justify;\">Türkmenistanyň Daşary işler ministrliginiň Halkara gatnaşyklary instituty talyplaryň iňlis we rus dillerini näderejede bilýändiklerini barlamak üçin synag geçirdi.</p><p style=\"margin-right: 0px; margin-bottom: 20px; margin-left: 0px; word-break: break-word; text-align: justify;\">«Gujurly Nesil» bilim merkezi tarapyndan guralan bu çärä uniwersitetiň birinji ýyl talyplary gatnaşdy.</p><p style=\"margin-right: 0px; margin-bottom: 20px; margin-left: 0px; word-break: break-word; text-align: justify;\">Okuw merkeziniň wekilleri okuwçylaryň rus we iňlis dillerini näderejede bilýändiklerini barlamagy başardylar. Synag okuwçylaryň lingwistik ukyplaryny ýokarlandyrmaga we iň zehinli okuwçylary kesgitlemäge gönükdirildi.</p><p style=\"margin-right: 0px; margin-bottom: 20px; margin-left: 0px; word-break: break-word; text-align: justify;\">Daşary işler ministrliginiň Halkara gatnaşyklary institutynyň Türkmenistanda öňdebaryjy ýokary okuw mekdepleriniň biridigini bellemelidiris. Bu ýerde geljekki diplomatlar, žurnalistler, ykdysatçylar, halkara gatnaşyklary we hukuk hünärmenleri taýýarlanylýar.</p></div><p><div class=\"social_panel\" style=\"border-top: 1px dashed rgb(218, 218, 218); margin-bottom: 2px; margin-top: 25px; padding: 20px 0px 4px; color: rgb(68, 68, 68); font-family: &quot;PT Root UI&quot;, Helvetica, sans-serif; font-size: 15px;\"><div class=\"row\" style=\"margin-right: -15px; margin-left: -15px;\"><div class=\"col-md-12 \" style=\"min-height: 1px; padding-right: 15px; padding-left: 15px; width: 657.125px;\"><div class=\" pull-left\" style=\"float: left;\"></div></div></div></div></p><div class=\"row\" style=\"box-sizing: border-box; margin-right: -15px; margin-left: -15px; color: rgb(68, 68, 68); font-family: &quot;PT Root UI&quot;, Helvetica, sans-serif; font-size: 15px; font-style: normal; font-variant-ligatures: normal; font-variant-caps: normal; font-weight: 400; letter-spacing: normal; orphans: 2; text-align: start; text-indent: 0px; text-transform: none; white-space: normal; widows: 2; word-spacing: 0px; -webkit-text-stroke-width: 0px; background-color: rgb(255, 255, 255); text-decoration-thickness: initial; text-decoration-style: initial; text-decoration-color: initial;\"><div class=\"col-md-12 \" style=\"box-sizing: border-box; position: relative; min-height: 1px; padding-right: 15px; padding-left: 15px; width: 657.125px;\"></div></div>', 'active', '20220914170525.jpg', 10, '2022-09-14 12:05:25', '2022-09-14 12:05:25'),
(24, 'Russiýada Türkmenistana uçmak üçin biletler nirelerde satylýar?', 'russiyada-turkmenistana-ucmak-ucin-biletler-nirelerde-satylyar', '<p style=\"margin-right: 0px; margin-bottom: 20px; margin-left: 0px; word-break: break-word; color: rgb(0, 0, 0); font-family: &quot;PT Root UI&quot;, sans-serif; text-align: justify;\">«Türkmenistan» awiakompaniýasynyň Russiýadaky baş agenti «Wkontakte» jemgyýetçilik torundaky hasabyndan kompaniýanyň Russiýadaky satyş nokatlarynyň sanawyny paýlaşdy.</p><p style=\"margin-right: 0px; margin-bottom: 20px; margin-left: 0px; word-break: break-word; color: rgb(0, 0, 0); font-family: &quot;PT Root UI&quot;, sans-serif; text-align: justify;\">Oňa görä, Russiýadan Türkmenistana uçmak üçin awiabiletleri Moskwa oblastyndan, Tatarystandan we Sankt-Peterburgdan satyn alyp bolar.</p><ul style=\"margin-bottom: 10px; color: rgb(0, 0, 0); font-family: &quot;PT Root UI&quot;, sans-serif;\"><li style=\"text-align: justify;\"><strong style=\"font-weight: bold;\">Russiýa Federasiýasy, Tatarystan,&nbsp;</strong>Kazan, Dekabristler köçesiniň 85 B öýi. «Relita» binasy, 210-njy otag (Kozýa Sloboda metrosy).<br>Iş tertibi: duşenbe ― anna günleri aralygynda 09:00-dan 18:00-a çenli. Günortanky arakesme: 12:00-dan 13:00-a çenli.<br>Telefon belgisi: +78435005531</li><li style=\"text-align: justify;\"><strong style=\"font-weight: bold;\">Russiýa Federasiýasy, Moskwa oblasty,&nbsp;</strong>Domodedowo howa menzili, halkara uçuşlar zaly, 49-njy kassa.</li><li style=\"text-align: justify;\"><strong style=\"font-weight: bold;\">Russiýa Federasiýasy, Sankt-Peterburg şäheri,&nbsp;</strong>Aleksandr Newskiý meýdany, 2-nji öý, E. 3-nji hatar, 1-nji gat. Iş wagty: her gün 09:00-dan 19:00-a çenli. Telefon belgisi: +79312221266</li></ul>', 'active', '20220914170626.jpg', 12, '2022-09-14 12:06:26', '2022-09-14 12:06:26'),
(25, 'Germaniýanyň Aşgabatdaky ilçihanasynyň wiza bölümi çäkli tertipde işläp başlady', 'germaniyanyn-asgabatdaky-ilcihanasynyn-wiza-bolumi-cakli-tertipde-islap-baslady', '<p style=\"margin-right: 0px; margin-bottom: 20px; margin-left: 0px; word-break: break-word; color: rgb(0, 0, 0); font-family: &quot;PT Root UI&quot;, sans-serif; text-align: justify;\">Germaniýanyň Aşgabatdaky ilçihanasynyň wiza bölümi häzirki wagtda diňe çäkli esasda açykdyr. Germaniýanyň Türkmenistandaky ilçihanasynyň&nbsp;<a href=\"https://aschgabat.diplo.de/tm-ru/service/05-VisaEinreise\" target=\"_blank\" style=\"color: rgb(66, 139, 202); text-decoration-line: none;\">resmi web sahypasyndaky</a>&nbsp;maglumatlar 8-nji sentýabrda täzelendi.</p><p style=\"margin-right: 0px; margin-bottom: 20px; margin-left: 0px; word-break: break-word; color: rgb(0, 0, 0); font-family: &quot;PT Root UI&quot;, sans-serif; text-align: justify;\">Germaniýanyň ilçihanasy wiza we Germaniýa girmek baradaky soraglary ilki bilen&nbsp;<a href=\"https://aschgabat.diplo.de/action/tm-ru/1437472/action/-\" target=\"_blank\" style=\"color: rgb(66, 139, 202); text-decoration-line: none;\">aragatnaşyk formasy</a>&nbsp;arkaly ibermegi maslahat berýär. Telefon arkaly sowallara duşenbe — penşenbe günleri sagat 14:00-dan 15:00-a çenli jogap berilýär: (+993 62) 82 43 04 we (+993 62) 82 43 08.</p><p style=\"margin-right: 0px; margin-bottom: 20px; margin-left: 0px; word-break: break-word; color: rgb(0, 0, 0); font-family: &quot;PT Root UI&quot;, sans-serif; text-align: justify;\">Işgärler ýagdaýy sebäpli häzirki wagtda Germaniýanyň Aşgabatdaky ilçihanasy ýüztutujylary diňe çäkli derejede kabul edip biler. Şengen wizasy üçin arzalara garamagyň möhleti adatça 15 iş güni diýlip bellenilýär.</p><p style=\"margin-right: 0px; margin-bottom: 20px; margin-left: 0px; word-break: break-word; color: rgb(0, 0, 0); font-family: &quot;PT Root UI&quot;, sans-serif; text-align: justify;\">Mundan ozal Germaniýanyň ilçihanasynyň täze wiza anketalary boýunça meselelere wagtlaýynça seretmändigini ýatladýarys. Germaniýa wiza bermek diňe aşa zerur şertlerde mümkindi.</p><p style=\"margin-right: 0px; margin-bottom: 20px; margin-left: 0px; word-break: break-word; color: rgb(0, 0, 0); font-family: &quot;PT Root UI&quot;, sans-serif; text-align: justify;\">2022-nji ýylyň 11-nji iýunyna çenli COVID-19 sebäpli Germaniýa girmek baradaky ähli çäklendirmeler wagtlaýynça ýatyryldy. Häzirki wagtda, Türkmenistandan Germaniýa barmaga rugsat berildi. Germaniýa barmak üçin indi sanjym pasportyny ýa-da kesel we synag baradaky maglumatlaryň görkezilmegi zerur däl.</p><p style=\"margin-right: 0px; margin-bottom: 20px; margin-left: 0px; word-break: break-word; color: rgb(0, 0, 0); font-family: &quot;PT Root UI&quot;, sans-serif; text-align: justify;\">Awgust aýynda Türkmenistan&nbsp;<a href=\"https://turkmenportal.com/tm/blog/50999/turkmenistan-vosstanovil-regulyarnoe-aviasoobshchenie-s-germaniei\" target=\"_blank\" style=\"color: rgb(66, 139, 202); text-decoration-line: none;\">Germaniýa bilen yzygiderli howa gatnawlary dikeltdi.</a>&nbsp;Uçuşlar hepdede iki gezek çarşenbe we şenbe günlerinde amala aşyrylýar.</p>', 'active', '20220914170658.jpg', 12, '2022-09-14 12:06:58', '2022-09-14 12:06:58'),
(26, 'Türkmenistanyň raýatlarynyň Türkiýä gitmegine uzak wagtlaýyn wizany resmileşdirmek üçin gerekli resminamalaryň sanawy', 'turkmenistanyn-rayatlarynyn-turkiya-gitmegine-uzak-wagtlayyn-wizany-resmilesdirmek-ucin-gerekli-resminamalaryn-sanawy', '<p style=\"margin-right: 0px; margin-bottom: 20px; margin-left: 0px; word-break: break-word; color: rgb(0, 0, 0); font-family: &quot;PT Root UI&quot;, sans-serif; text-align: justify;\">Ozal Türkiýäniň Türkmenistanyň raýatlary üçin wagtlaýyn wiza düzgünini girizjekdigini&nbsp;<a href=\"https://turkmenportal.com/tm/blog/51353/turciya-vvedet-vremennyi-vizovyi-rezhim-dlya-grazhdan-turkmenistana\" target=\"_blank\" style=\"color: rgb(66, 139, 202); text-decoration-line: none;\">habar beripdik.</a>&nbsp;Türkmenistanyň raýatlaryna uzak wagtlaýyn türk wizasy üçin haýsy resminamalaryň gerekdigi belli boldy.</p><p style=\"margin-right: 0px; margin-bottom: 20px; margin-left: 0px; word-break: break-word; color: rgb(0, 0, 0); font-family: &quot;PT Root UI&quot;, sans-serif; text-align: justify;\">Türkiýä gitmek isleýän raýatlar uzak möhletleýin syýahatçylyk wizasyny resmileşdirip bilerler diýip, Türkiýäniň Türkmenistandaky ilçihanasyna salgylanyp, Orient&nbsp;<a href=\"https://orient.tm/tm/post/39650/turkmenistanyn-rayatlarynyn-turkiya-gitmegine-wizany-resmilesdirmek-ucin-gerekli-resminamalaryn-sanawy-belli-boldy\" target=\"_blank\" style=\"color: rgb(66, 139, 202); text-decoration-line: none;\">habar berdi.</a></p><p style=\"margin-right: 0px; margin-bottom: 20px; margin-left: 0px; word-break: break-word; color: rgb(0, 0, 0); font-family: &quot;PT Root UI&quot;, sans-serif; text-align: justify;\">Syýahatçylyk wizasyny resmileşdirmek üçin hökmany aşakdaky resminamalar zerurdyr:</p><ul style=\"margin-bottom: 10px; color: rgb(0, 0, 0); font-family: &quot;PT Root UI&quot;, sans-serif;\"><li style=\"text-align: justify;\">hereket ediş möhleti alty aýdan az bolmadyk pasport;</li><li style=\"text-align: justify;\">wiza almak üçin kesgitlenen görnüşde doldurylan arza;</li><li style=\"text-align: justify;\">daşary ýurda gitmek üçin ätiýaçlandyryş (Türkmenistanyň Döwlet ätiýaçlandyryş guramasynda resmileşdirilýär);</li><li style=\"text-align: justify;\">içerki pasportuň (1,3,5,9 we 32-nji sahypalary) we daşary ýurt pasportunyň (suraty bolan baş sahypasy ) nusgalary;</li><li style=\"text-align: justify;\">5х6 ölçegli iki sany fotosurat;</li><li style=\"text-align: justify;\">wiza almaga isleg bildirýäniň we/ýa-da çagyrýan adamyň girdejileriniň derejesi barada resminama (iş ýeriň boýunça almak gerek);</li><li style=\"text-align: justify;\">uçar üçin öňünden kesgitlenilen petek;</li><li style=\"text-align: justify;\">öňünden kesgitlenilen myhmanhana ýa-da Türkiýäniň raýatyndan çakylyk.</li></ul><p style=\"margin-right: 0px; margin-bottom: 20px; margin-left: 0px; word-break: break-word; color: rgb(0, 0, 0); font-family: &quot;PT Root UI&quot;, sans-serif; text-align: justify;\">Gitmegiň maksadyna baglylykda, aşakdaky resminamalar hem gerek bolup biler:</p><ul style=\"margin-bottom: 10px; color: rgb(0, 0, 0); font-family: &quot;PT Root UI&quot;, sans-serif;\"><li style=\"text-align: justify;\">Türkiýä dolanyp barylýandygyny tassyklaýan güwänamalar (ýer bölegine resminamalar, işlemäge ygtyýarnama, aýlyk zähmet hakynyň hasaplanylandygy barada maglumat, bankdan göçürme we beýlekiler).</li><li style=\"text-align: justify;\">eger gitmeklik syýahatçylyk kompaniýasynyň üsti bilen amala aşyrylýan bolsa – syýahatçylyk operatorynyň hatynyň asyl nusgasy, şonda saparyň wagty, baryljak ýerler we maksady görkezilmelidir;</li><li style=\"text-align: justify;\">ata-enäniň razylygynyň kepillendiriş edarasy tarapyndan tassyklanan nusgasy we 18 ýaşdan kiçi bolan çaganyň dogluş hakynda şahadatnamasy (sapar wagtynda ata-enäniň ikisiniň-de ýa-da biriniň ýok bolan ýagdaýynda).</li></ul>', 'active', '20220914170756.jpeg', 12, '2022-09-14 12:07:56', '2022-09-14 12:07:56'),
(27, 'iOS 16 indi Türkmenistanda hem elýeterli', 'ios-16-indi-turkmenistanda-hem-elyeterli', '<p style=\"margin-right: 0px; margin-bottom: 20px; margin-left: 0px; word-break: break-word; color: rgb(0, 0, 0); font-family: &quot;PT Root UI&quot;, sans-serif; text-align: justify;\">Şu gün Aşgabat wagty bilen sagat 22:00-da «Apple»-iň iOS ykjam operasiýa ulgamynyň 16-njy tapgyry türkmenistanly ulanyjylar üçin elýeterli edildi. Täzelenmäni talaba laýyk gelýän enjamlaryň ählisinde göçürip alyp bolýar. Has takygy, ol&nbsp;<a href=\"https://turkmenportal.com/blog/39825/versiya-ios-15-stala-dostupna-dlya-ustanovki-na-iphone-v-turkmenistane\" target=\"_blank\" style=\"color: rgb(66, 139, 202); text-decoration-line: none;\">iPhone 8</a>&nbsp;we ondan soňky modelleriň ählisi üçin niýetlenendir.</p><p style=\"margin-right: 0px; margin-bottom: 20px; margin-left: 0px; word-break: break-word; color: rgb(0, 0, 0); font-family: &quot;PT Root UI&quot;, sans-serif; text-align: justify;\">Täzelenmäniň telefonyňyza gelendigini «Sazlamalar» ➟ «Umumy» ➟ «Programma üpjünçiligini täzelemek» yzygiderliligi boýunça barlap bilersiňiz. Täzelenme bar bolsa, göçürip alyň. Ýok bolsa-da, soňrak geler.</p><p style=\"margin-right: 0px; margin-bottom: 20px; margin-left: 0px; word-break: break-word; color: rgb(0, 0, 0); font-family: &quot;PT Root UI&quot;, sans-serif; text-align: justify;\">iOS 16 operasiýa ulgamy WWDC-de 2022-nji ýylyň 6-njy iýunynda yglan edildi. Ilkinji köpçülikleýin beta görnüşi bolsa 2022-nji ýylyň 11-nji iýulynda çykdy.</p><p style=\"margin-right: 0px; margin-bottom: 20px; margin-left: 0px; word-break: break-word; color: rgb(0, 0, 0); font-family: &quot;PT Root UI&quot;, sans-serif; text-align: justify;\">iOS 16 täze şriftler, reňkler we gurallar, täzelenen habarnamalar ulgamy, iMessage tekstini ibereniňizden soň redaktirlemek ukyby we beýleki täzelikler bilen gulp ekrany üçin has özleşdirme opsiýalaryny hödürleýär. Ähli üýtgeşmeler hakda&nbsp;<a href=\"https://www.iphones.ru/iNotes/58-novyh-funkciy-ios-16-06-07-2022\" target=\"_blank\" style=\"color: rgb(66, 139, 202); text-decoration-line: none;\">aýratyn makalada</a>&nbsp;okap bilersiňiz.</p>', 'active', '20220914170840.png', 13, '2022-09-14 12:08:40', '2022-09-14 12:10:07'),
(28, '«Ahal» futbol topary ilkinji gezek «eFootball» oýnuna girizildi', 'ahal-futbol-topary-ilkinji-gezek-efootball-oynuna-girizildi', '<p style=\"margin-right: 0px; margin-bottom: 20px; margin-left: 0px; word-break: break-word; color: rgb(0, 0, 0); font-family: &quot;PT Root UI&quot;, sans-serif; text-align: justify;\">«eFootball 2023» futbol simulýatoryna şu ýyl AFK-nyň Çempionlar ligasynda çykyş eden «Ahal» futbol topary hem girizildi. Bu barada AFK «Twitterdäki» hasabyndan habar berdi.</p><p style=\"margin-right: 0px; margin-bottom: 20px; margin-left: 0px; word-break: break-word; color: rgb(0, 0, 0); font-family: &quot;PT Root UI&quot;, sans-serif; text-align: justify;\">Elektron oýun indi birnäçe ýyldan bäri AFK-nyň Çempionlar ligasyna gatnaşýan toparlary özüne siňdirmek hukugyna eýe. Ýöne bu ýaryşyň geçirilýän stadionlary häzirlikçe «Konami» nyşanynyň astyndadyr.</p><p style=\"margin-right: 0px; margin-bottom: 20px; margin-left: 0px; word-break: break-word; color: rgb(0, 0, 0); font-family: &quot;PT Root UI&quot;, sans-serif; text-align: justify;\">Oýnuň täzelenmesiniň mahabat roliginde «Ahal» «Nike» kompaniýasynyň ak lybasynda görkezilýär. Rolikde toparyň hemaýatkäri «Türkmennebitönümleri» Baş müdirliginiň (TNÖ) nyşany hem orun alypdyr.</p>', 'active', '20220914170925.jpg', 13, '2022-09-14 12:09:25', '2022-09-14 12:09:25');

-- --------------------------------------------------------

--
-- Структура таблицы `makalalar`
--

CREATE TABLE `makalalar` (
  `id` bigint(20) UNSIGNED NOT NULL,
  `makala_title` varchar(255) COLLATE utf8mb4_unicode_ci NOT NULL,
  `makala_slug` varchar(255) COLLATE utf8mb4_unicode_ci NOT NULL,
  `makala_image` varchar(255) COLLATE utf8mb4_unicode_ci NOT NULL,
  `makala_description` text COLLATE utf8mb4_unicode_ci NOT NULL,
  `makala_status` enum('active','passive','draft') COLLATE utf8mb4_unicode_ci NOT NULL,
  `created_at` timestamp NULL DEFAULT NULL,
  `updated_at` timestamp NULL DEFAULT NULL
) ENGINE=InnoDB DEFAULT CHARSET=utf8mb4 COLLATE=utf8mb4_unicode_ci;

--
-- Дамп данных таблицы `makalalar`
--

INSERT INTO `makalalar` (`id`, `makala_title`, `makala_slug`, `makala_image`, `makala_description`, `makala_status`, `created_at`, `updated_at`) VALUES
(20, 'Zyýanly dostluk: Ýalan «dostlaryň» alamatlary', 'zyyanly-dostluk-yalan-dostlaryn-alamatlary', '20220914171309.jpg', '<p style=\"margin-right: 0px; margin-bottom: 20px; margin-left: 0px; word-break: break-word; color: rgb(0, 0, 0); font-family: &quot;PT Root UI&quot;, sans-serif; text-align: justify;\">Kimdir birini zäherlemek özboluşlylygy diňe bir janly-jandarlara, mysal üçin, ýylandyr içýan ýa-da möý ýaly haýwanlara degişli edilýär. Emma gytak manyda, has takygy sözüň göçme manysynda kimdir birine has ýaramaz täsir edip, başgaça aýdylanda «zäherläp» bilmek metaforasyny adamlar babatda hem ulanmak ýerine düşmän duranok. Bu dostluk gatnaşyklarynda ýüze çykýan ýagdaý. Dostlukda hemişe ikitaraplaýyn oňyn häsiýetleriň hyzmatdaşlygy gabat gelmeýär.</p><p style=\"margin-right: 0px; margin-bottom: 20px; margin-left: 0px; word-break: break-word; color: rgb(0, 0, 0); font-family: &quot;PT Root UI&quot;, sans-serif; text-align: justify;\">Başga bir tarapdan bu «zäherli» ýagdaýdan baş alyp çykmakda psihologlar täsin bir ideýany teklip edýärler,&nbsp;<strong style=\"font-weight: bold;\">bu bolsa «dost hem däl, duşman hem däl» diýen ýörelgedir</strong>.</p><p style=\"margin-right: 0px; margin-bottom: 20px; margin-left: 0px; word-break: break-word; color: rgb(0, 0, 0); font-family: &quot;PT Root UI&quot;, sans-serif; text-align: justify;\">«Meňki bitsin...» Eger kimdir biri bilen gatnaşygyňyzda garşyňyzdaky adamyň siziň yzygiderli edýän ýagşylyklaryňyzdyr ýardamyňyza garşylyklaýyn hereket etmeýändigini, ýa bolmasa-da beýle jogaby bermegi islemeýändigini mese-mälim duýsaňyz,&nbsp;<strong style=\"font-weight: bold;\">onda bu dostlugy kesmekden başga zerurlyk ýokdur.</strong>&nbsp;Özüni dost hasap edýän adamlar garşysyndaky adama deň derejede gaýtargy berýärler.</p><p style=\"margin-right: 0px; margin-bottom: 20px; margin-left: 0px; word-break: break-word; color: rgb(0, 0, 0); font-family: &quot;PT Root UI&quot;, sans-serif; text-align: justify;\"><strong style=\"font-weight: bold;\">Ýoguňa düşünmese</strong>. Dost diýýäniňiz&nbsp;<strong style=\"font-weight: bold;\">«ýok» sözüňize düşünmese</strong>&nbsp;siz bilen ýakyndan gatnaşygy dowam eder diýip pikirem edip oturmaň. Dost diýeniň islendik ýagdaýda haýsydyr bir başarmaýan işiň üçin gaty görüp ýa-da arasyny üzüp ýörmez. Bu ýagdaýda siz bilen diňe peýda üçin gatnaşýanlar gaty görüp biler.</p><p style=\"margin-right: 0px; margin-bottom: 20px; margin-left: 0px; word-break: break-word; color: rgb(0, 0, 0); font-family: &quot;PT Root UI&quot;, sans-serif; text-align: justify;\"><strong style=\"font-weight: bold;\">Begenjiňe begenmese</strong>. Siziň bir zada begenmegiňize ýa-da şatlykly ýagdaýa düşmegiňize dostuňyz şärikdeş bolmasa ýa-da «Hä, şeýlemi?!» diýen terzde nalaç jogap berýän bolsa, onda ol siziň şowsuz ýagdaýyňyza nähili baha berer. Bu hem gatnaşyklaryň bir şahasy.</p><p style=\"margin-right: 0px; margin-bottom: 20px; margin-left: 0px; word-break: break-word; color: rgb(0, 0, 0); font-family: &quot;PT Root UI&quot;, sans-serif; text-align: justify;\"><strong style=\"font-weight: bold;\">«Limon ýaly sykylan»</strong>. Kimdir biri bilen gatnaşyp&nbsp;<strong style=\"font-weight: bold;\">horukýan bolsaňyz</strong>, hasam bu zatlar duýgulaýyn täsirde bolsa onda şu berilýän maslahatlara gulak salmagyňyz zerur.</p><p style=\"margin-right: 0px; margin-bottom: 20px; margin-left: 0px; word-break: break-word; color: rgb(0, 0, 0); font-family: &quot;PT Root UI&quot;, sans-serif; text-align: justify;\"><strong style=\"font-weight: bold;\">Tersin bäsdeşlik.</strong>&nbsp;Bäsdeşlik dostlukda bolýan zat, emma dostuňyz siziň bilen hemişe «ýaryşyp», alyp bilmedik galasy siz bolup ýörse, munuň nämesine dostluk diýip bolar.</p><p style=\"margin-right: 0px; margin-bottom: 20px; margin-left: 0px; word-break: break-word; color: rgb(0, 0, 0); font-family: &quot;PT Root UI&quot;, sans-serif; text-align: justify;\"><strong style=\"font-weight: bold;\">Duýgudaşlyga garaşýarlar</strong>. «Zäherli dostlar» hemişe ykbalyndan zeýrenip, siziň&nbsp;<strong style=\"font-weight: bold;\">duýgudaşlyk bildirmegiňize garaşýar,</strong>&nbsp;onuň meselesini çözmelisiňiz diýip düşünýär.</p><p style=\"margin-right: 0px; margin-bottom: 20px; margin-left: 0px; word-break: break-word; color: rgb(0, 0, 0); font-family: &quot;PT Root UI&quot;, sans-serif; text-align: justify;\"><a href=\"https://turkmenportal.com/images/uploads/images/pubs/2022/%D1%81%D0%B5%D0%BD%D1%82%D1%8F%D0%B1%D1%80%D1%8C/09/woman-apologizes-to-her-friend-after-fight-repentant-woman-hope-for-forgiveness-from-sad-pensive-friend.jpg\" class=\"fancybox\" rel=\"blog\" data-fancybox=\"blog\" style=\"color: rgb(66, 139, 202); text-decoration-line: none; cursor: zoom-in;\"><img alt=\"\" src=\"https://turkmenportal.com/images/uploads/images/pubs/2022/%D1%81%D0%B5%D0%BD%D1%82%D1%8F%D0%B1%D1%80%D1%8C/09/woman-apologizes-to-her-friend-after-fight-repentant-woman-hope-for-forgiveness-from-sad-pensive-friend.jpg\" style=\"border: 0px; margin: 10px; height: 233px; width: 350px;\"></a></p><p style=\"margin-right: 0px; margin-bottom: 20px; margin-left: 0px; word-break: break-word; color: rgb(0, 0, 0); font-family: &quot;PT Root UI&quot;, sans-serif; text-align: justify;\"><strong style=\"font-weight: bold;\">Müdimilik manipulýasiýalar</strong>. Megerem, bu häsiýet ýüze çykan halatynda siz dostlugy gürrüňsiz bes etmeli. Psihologlaryň maslahat bermegine görä, eger dost ýa-da ýakyn hasap edýän adamyňyzyň sizi oýnaýandygyny,&nbsp;<strong style=\"font-weight: bold;\">ulanýandygyny</strong>, etmejek işiňizi etmäge mejbur edýändigini aňsaňyz, onda ol adamdan gaça durmaly.</p><p style=\"margin-right: 0px; margin-bottom: 20px; margin-left: 0px; word-break: break-word; color: rgb(0, 0, 0); font-family: &quot;PT Root UI&quot;, sans-serif; text-align: justify;\">Eger şu ýokarda bellenilip geçilen aýratynlyklar size dostuňyzyň «zäheriniň» bardygyny ýa ýokdugyny mälim etmeýän bolsa, onda bu ýagdaýda pikir soraşma geçirmek zerurdyr. Munuň üçin bolsa saýry bir adamlaryň pikirini diňläň, daş-töwerek üçin siziň dostlugyňyzyň nähili görünýändigi bilen gyzyklanyň.</p><p style=\"margin-right: 0px; margin-bottom: 20px; margin-left: 0px; word-break: break-word; color: rgb(0, 0, 0); font-family: &quot;PT Root UI&quot;, sans-serif; text-align: justify;\"><strong style=\"font-weight: bold;\">Zyýan getirip biljek beýle dostluga nähili çemeleşmeli:</strong></p><ul style=\"margin-bottom: 10px; color: rgb(0, 0, 0); font-family: &quot;PT Root UI&quot;, sans-serif;\"><li style=\"text-align: justify;\"><strong style=\"font-weight: bold;\">Wagtlaýynça gatnaşygy togtadyp</strong>, has içgin oýlanyp görmeli;</li><li style=\"text-align: justify;\">Dostuňyzyň size bolan&nbsp;<strong style=\"font-weight: bold;\">erbet garaýşyna düşünip</strong>, onuň sizi ulanýandygyna akyl ýetirmek;</li><li style=\"text-align: justify;\">Gözýetimiňizi giňeldiň, has ýygjam gatnaşmaga çalşyň ýa-da gatmaşyklary doly kesip görüň.</li></ul><p style=\"margin-right: 0px; margin-bottom: 20px; margin-left: 0px; word-break: break-word; color: rgb(0, 0, 0); font-family: &quot;PT Root UI&quot;, sans-serif; text-align: justify;\"><strong style=\"font-weight: bold;\">Çyn dostuň bolmagy</strong>&nbsp;— bu ullakan bagt. Bu ugurdaky köp sanly gözleglerden şu netijeler gelip çykýar:</p><ul style=\"margin-bottom: 10px; color: rgb(0, 0, 0); font-family: &quot;PT Root UI&quot;, sans-serif;\"><li style=\"text-align: justify;\">Eger adamyň iş ýerinde sözi alyşýan dosty bolsa, ol adatdakydan 7 esse&nbsp;<strong style=\"font-weight: bold;\">netijeli işleýär</strong>;</li><li style=\"text-align: justify;\">Ýürekdeşlik bilen edilen söhbetler ynsana gaýgy-hasratlaryny unutmaga we meselelerine başga tarapdan seredip çözgüt tapmaga ýardam edýär.</li></ul><p style=\"margin-right: 0px; margin-bottom: 20px; margin-left: 0px; word-break: break-word; color: rgb(0, 0, 0); font-family: &quot;PT Root UI&quot;, sans-serif; text-align: justify;\"><em>Peýdalanylan çeşmeler: marieclaire.ru; harpersbazaar.kz; zen.yandex.ru/; 1gai.ru; medaboutme.ru; gurutest.ru.</em></p>', 'active', '2022-09-14 12:13:09', '2022-09-14 12:13:09'),
(21, '«KAMAZ-master» ralli topary nädip dünýäniň öňdebaryjylarynyň biri boldy?', 'kamaz-master-ralli-topary-nadip-dunyanin-ondebaryjylarynyn-biri-boldy', '20220914171342.jpg', '<p style=\"margin-right: 0px; margin-bottom: 20px; margin-left: 0px; word-break: break-word; color: rgb(0, 0, 0); font-family: &quot;PT Root UI&quot;, sans-serif; text-align: justify;\">Iýul aýynda Russiýanyň «KAMAZ-master» toparynyň sürüjileri «Ýüpek ýoly» awtoralli ýaryşynyň jemleýji tapgyrynda ýük awtoulaglary derejesi boýunça ýeňiş gazandylar. Bu ugurda ozal hem topar has abraýly awtoulag ýaryşynyň — «Ralli Dakar» marafonynyň 19 gezek ýeňijisi bolmak bilen, awtoralli sportunda özüni iň öňdebaryjylaryň biri hökmünde ykrar etdirdi.</p><p style=\"margin-right: 0px; margin-bottom: 20px; margin-left: 0px; word-break: break-word; color: rgb(0, 0, 0); font-family: &quot;PT Root UI&quot;, sans-serif; text-align: justify;\"><a href=\"https://turkmenportal.com/images/uploads/images/pubs/2022/%D1%81%D0%B5%D0%BD%D1%82%D1%8F%D0%B1%D1%80%D1%8C/03/DPPIPRODUCTION_00000852_0153_prev(1).jpg\" class=\"fancybox\" rel=\"blog\" data-fancybox=\"blog\" style=\"color: rgb(66, 139, 202); text-decoration-line: none; cursor: zoom-in;\"><img alt=\"\" src=\"https://turkmenportal.com/images/uploads/images/pubs/2022/%D1%81%D0%B5%D0%BD%D1%82%D1%8F%D0%B1%D1%80%D1%8C/03/DPPIPRODUCTION_00000852_0153_prev(1).jpg\" style=\"border: 0px; margin: 10px; height: 233px; width: 350px;\"></a></p><p style=\"margin-right: 0px; margin-bottom: 20px; margin-left: 0px; word-break: break-word; color: rgb(0, 0, 0); font-family: &quot;PT Root UI&quot;, sans-serif; text-align: justify;\">Bu günki günde «KAMAZ» brendi Türkmenistanda we Ýer ýüzünde awtosport ýaryşlarynda gazanýan üstünlikleri bilen tanalyp, bu ugurda kärhananyň we hemaýatkärleriň goldawy bilen 30 ýyldan gowrak wagtdan bäri ýaryş ýük awtoulaglaryny öndürip gelýär.</p><p style=\"margin-right: 0px; margin-bottom: 20px; margin-left: 0px; word-break: break-word; color: rgb(0, 0, 0); font-family: &quot;PT Root UI&quot;, sans-serif; text-align: justify;\">«KAMAZ-master» toparynyň resmi taýdan esaslandyrylan güni 1988-nji ýylyň 17-nji iýuly hasaplanylýar. Şol wagtlar ilkinji geçirilen ralli-reýd ýaryşlarynda topar ulaglaryň adaty kysmyndan peýdalanypdyr, emma 90-njy ýyllaryň ortalaryna bolsa bu ulagyň diňe sport kysmyny döredip ýeňiş gazanyp boljakdygyny bilip, täzeçe çemeleşmeler durmuşa geçirilipdir. Olar diňe käbir aýratynlygy babatda adaty ulaga çalym edipdir.</p><p style=\"margin-right: 0px; margin-bottom: 20px; margin-left: 0px; word-break: break-word; color: rgb(0, 0, 0); font-family: &quot;PT Root UI&quot;, sans-serif; text-align: justify;\"><a href=\"https://turkmenportal.com/images/uploads/images/pubs/2022/%D1%81%D0%B5%D0%BD%D1%82%D1%8F%D0%B1%D1%80%D1%8C/03/DPPIPRODUCTION_00000852_0040_prev.jpg\" class=\"fancybox\" rel=\"blog\" data-fancybox=\"blog\" style=\"color: rgb(66, 139, 202); text-decoration-line: none; cursor: zoom-in;\"><img alt=\"\" src=\"https://turkmenportal.com/images/uploads/images/pubs/2022/%D1%81%D0%B5%D0%BD%D1%82%D1%8F%D0%B1%D1%80%D1%8C/03/DPPIPRODUCTION_00000852_0040_prev.jpg\" style=\"border: 0px; margin: 10px; height: 233px; width: 350px;\"></a><a href=\"https://turkmenportal.com/images/uploads/images/pubs/2022/%D1%81%D0%B5%D0%BD%D1%82%D1%8F%D0%B1%D1%80%D1%8C/03/DPPIPRODUCTION_00000852_0113_prev.jpg\" class=\"fancybox\" rel=\"blog\" data-fancybox=\"blog\" style=\"color: rgb(66, 139, 202); text-decoration-line: none; cursor: zoom-in;\"><img alt=\"\" src=\"https://turkmenportal.com/images/uploads/images/pubs/2022/%D1%81%D0%B5%D0%BD%D1%82%D1%8F%D0%B1%D1%80%D1%8C/03/DPPIPRODUCTION_00000852_0113_prev.jpg\" style=\"border: 0px; margin: 10px; height: 233px; width: 350px;\"></a></p><p style=\"margin-right: 0px; margin-bottom: 20px; margin-left: 0px; word-break: break-word; color: rgb(0, 0, 0); font-family: &quot;PT Root UI&quot;, sans-serif; text-align: justify;\">Ýaryş «KAMAZ» ulagyny dolandyrmak köp sanly ussat sürüjiler üçin çagalykdan, has takygy şol wagtlar guralan karting ýaryşlaryndan gözbaş alyp gaýdýar. Bu babatda topara has başarjaň sürüjileri toplamakda «KAMAZ-masteriň» karting hem-de baggi boýunça goldaw maksatnamasy bardyr. Munda sürüjiler kiçiliginden has adaty ýaryşlary geçirip görmek bilen, başarnyklaryny ýüze çykarýarlar we türgenleşiklerde biri-birinden tapawutlanyp, kem-kemden topara birikýärler.</p><p style=\"margin-right: 0px; margin-bottom: 20px; margin-left: 0px; word-break: break-word; color: rgb(0, 0, 0); font-family: &quot;PT Root UI&quot;, sans-serif; text-align: justify;\">Ökde öwrenijiler ilki mehanik hökmünde zähmet çekip, soňlugy bilen ýolbaşçylaryň ýaryş synagyna goýbermegi bilen sürüjilik ukyplaryny ýüze çykarýarlar. Sport kysymly ýaryş ýük awtoulagy adaty kysym ulaglardan görnetin gymmat bahaly bolandygy üçin, ony dolandyrmagy diňe has tejribeli sürüjilere ynanýarlar. Şol sebäpden hem toparyň ähli sürüjileriniň ýaşy uludyr, olaryň içinde iň kiçi ýaşlysy Aýrat Mardeýew bolup, ol 35 ýaşynda.</p><p style=\"margin-right: 0px; margin-bottom: 20px; margin-left: 0px; word-break: break-word; color: rgb(0, 0, 0); font-family: &quot;PT Root UI&quot;, sans-serif; text-align: justify;\">«KAMAZ-master» toparynyň üstünlikleriniň esasylarynyň biri ýaş sürüjiler mekdebini guramaçylykly ýola goýmagydyr, emma&nbsp; şunuň bilen baglylykda, ýaryşlara tehniki taýýarlyk hem az möhüm däldir. «Dakaryň» düzgünleri ýygy-ýygydan üýtgeýär, käte hatda iň garaşylmadyk ýagdaýda-da oňa käbir üýtgeşmeler girizilip bilýär. Şeýle hem marafony guraýjylar ekipažyň artykmaçlyk etmegini halamaýarlar, ýöne rus topary bu ýagdaýdan her gezek ýerlikli çözgüt tapyp, baş alyp çykýar.</p><p style=\"margin-right: 0px; margin-bottom: 20px; margin-left: 0px; word-break: break-word; color: rgb(0, 0, 0); font-family: &quot;PT Root UI&quot;, sans-serif; text-align: justify;\"><a href=\"https://turkmenportal.com/images/uploads/images/pubs/2022/%D1%81%D0%B5%D0%BD%D1%82%D1%8F%D0%B1%D1%80%D1%8C/03/DPPIPRODUCTION_00000852_0123_prev.jpg\" class=\"fancybox\" rel=\"blog\" data-fancybox=\"blog\" style=\"color: rgb(66, 139, 202); text-decoration-line: none; cursor: zoom-in;\"><img alt=\"\" src=\"https://turkmenportal.com/images/uploads/images/pubs/2022/%D1%81%D0%B5%D0%BD%D1%82%D1%8F%D0%B1%D1%80%D1%8C/03/DPPIPRODUCTION_00000852_0123_prev.jpg\" style=\"border: 0px; margin: 10px; height: 233px; opacity: 0.9; width: 350px;\"></a></p><p style=\"margin-right: 0px; margin-bottom: 20px; margin-left: 0px; word-break: break-word; color: rgb(0, 0, 0); font-family: &quot;PT Root UI&quot;, sans-serif; text-align: justify;\">Mysal üçin, «KAMAZ-master» hyzmatdaşy ýa-da üpjün edijileri täzelemäge mejbur edýän hereketlendirijiniň iş göwrümini yzygiderli azaldar. Birmahallar «KAMAZ» göwrümi 18 litre çenli bolan ЯМЗ — V8 hereketlendirijilerini ulandy, ol hatda 26 litrlik V12 hereketlendirijisinden hem peýdalanypdy. 2013-nji ýylda bolsa bu çäklendirme import edilýän Liebherr V8-e geçmäge mümkinçilik berdi.</p><p style=\"margin-right: 0px; margin-bottom: 20px; margin-left: 0px; word-break: break-word; color: rgb(0, 0, 0); font-family: &quot;PT Root UI&quot;, sans-serif; text-align: justify;\">2019-njy ýylda geçirilýän «Dakar» üçinem başga bir täze awtoulag döredilmeli boldy. Oňa 43509 indeksi alnyp, iň esasysy hem, «KAMAZ-yň» hünärmenleri ýene-de täze hereketlendiriji, bu gezek göwrümi 13 litre çenli bolan düzüm bölegini gözlemäge mejbur boldular. Netijede, gurluşyk ýörite tehnikalarynda ulanylýan Hytaýyň DCEC (Dongfeng Cummins Motor Company) hereketlendirijisi saýlanyp alyndy.</p><p style=\"margin-right: 0px; margin-bottom: 20px; margin-left: 0px; word-break: break-word; color: rgb(0, 0, 0); font-family: &quot;PT Root UI&quot;, sans-serif; text-align: justify;\">«KAMAZ-master» kärhanasyndaky seriýaly hereketlendirijiler ulagyň öwrülişini döwrebaplaşdyrmak we iň ýokary derejede öwürmegi üpjün etmekde kynçylyga ýakyn gelýär.</p><p style=\"margin-right: 0px; margin-bottom: 20px; margin-left: 0px; word-break: break-word; color: rgb(0, 0, 0); font-family: &quot;PT Root UI&quot;, sans-serif; text-align: justify;\">«KAMAZ-master» toparynyň ahlak häsiýetini sürüji Eduard Nikolaýewiň 2022-nji ýylyň «Dakarynyň» 11-nji tapgyrynda eden işi hem ajaýyp häsiýetlendirýär. «KAMAZ» sürüjisi kärdeşi Dmitriý Sotnikowyň bökdençlige sezewar bolandygyny görüp, onuň deňinde säginmek bilen topardaş kärdeşine ýardam berýär. Ol bu ýardamy bermezden geçip hem bilerdi, sebäbi yzda toparyň agzalarynyň ikisi bardy. Netijede bolsa, Nikolaýew topardaşynyň tiz ýaryşa goşulmagyna kömek edip, umumylykda toparyň ýokary netijä eýe bolmagyny gazanmagy başardy.</p><p style=\"margin-right: 0px; margin-bottom: 20px; margin-left: 0px; word-break: break-word; color: rgb(0, 0, 0); font-family: &quot;PT Root UI&quot;, sans-serif; text-align: justify;\"><a href=\"https://turkmenportal.com/images/uploads/images/pubs/2022/%D1%81%D0%B5%D0%BD%D1%82%D1%8F%D0%B1%D1%80%D1%8C/03/20220102-AEKM7886_prev.jpg\" class=\"fancybox\" rel=\"blog\" data-fancybox=\"blog\" style=\"color: rgb(66, 139, 202); text-decoration-line: none; cursor: zoom-in;\"><img alt=\"\" src=\"https://turkmenportal.com/images/uploads/images/pubs/2022/%D1%81%D0%B5%D0%BD%D1%82%D1%8F%D0%B1%D1%80%D1%8C/03/20220102-AEKM7886_prev.jpg\" style=\"border: 0px; margin: 10px; height: 233px; opacity: 0.9; width: 350px;\"></a></p><blockquote style=\"padding: 0px 0px 0px 20px; margin-bottom: 20px; margin-left: 25px; border-left-width: 4px; border-left-color: rgba(167, 31, 31, 0.64); position: relative; border-top: none; border-right: none; border-bottom: none; border-image: initial; color: rgb(0, 0, 0); font-family: &quot;PT Root UI&quot;, sans-serif;\"><p style=\"margin-right: 0px; margin-left: 0px; font-weight: bolder; line-height: 30px; font-style: italic; word-break: break-word; text-align: justify;\">«Toparymyzda ýoldaşlarymyza kömek bermek — bu asylly däp bolan zat» -diýip, Nikolaýew žurnalistlere beren interwýusynda belleýär — Käwagt netijäni unutmaly bolýar. Biziň toparymyzyň içinde ýolbaşçylaryň tagallalary bilen ekipažlaryň arasyndaky özara bäsdeşlik bar, emma ol bäsdeşlik dartgynly hem, düşünişmezlikli hem däl. Köp adamlar näme üçin «KAMAZ-yň» hemişe ýeňiş gazanýandygyny soraýarlar. Bu ýagdaý biziň bir topardygymyzy we toparyň netijesi üçin işleýändigimizi görkezýär».</p></blockquote>', 'active', '2022-09-14 12:13:42', '2022-09-14 12:13:42'),
(22, 'Robototehnikanyň esaslary. Çagalara robot ýasamagy nädip öwredip bolar', 'robototehnikanyn-esaslary-cagalara-robot-yasamagy-nadip-owredip-bolar', '20220914171418.jpg', '<p style=\"margin-right: 0px; margin-bottom: 20px; margin-left: 0px; word-break: break-word; color: rgb(0, 0, 0); font-family: &quot;PT Root UI&quot;, sans-serif; text-align: justify;\">Robototehnika — bu bilim üçin ählumumy guraldyr. Çagalara robot enjamlaryny ulanmagy öwretmek şol bir wagtyň özünde oýnamak we tehniki döredijilik bilen öwrenmegi aňladýar. Bilim beriji robot enjamlary başlangyç döwürde okuwçylaryň tehniki meýillerini kesgitlemäge we olary bu ugurda kämilleşdirmäge mümkinçilik berýär.</p><p style=\"margin-right: 0px; margin-bottom: 20px; margin-left: 0px; word-break: break-word; color: rgb(0, 0, 0); font-family: &quot;PT Root UI&quot;, sans-serif; text-align: justify;\">Çaga ilki bilen taslamanyň ösüş tapgyryna gatnaşyp, ýönekeýden çylşyrymly amallara geçmeli, soň bolsa modeliň ähli jikme-jik aýratynlyklarynyň jemleýji ýygnanyşygynda gutarnykly netijäni almaly. Ilkibaşda çaga göz öňünde tutulan hereketleri ýerine ýetirip, goýlan meseleleri çözüp bilýän önümi döreder. Öz ilkinji modellerini döretmek bilen çagalar ilkinji gezek konstruirlemegiň we programmirlemegiň esasy ýörelgelerini öwrenýärler.</p><p style=\"margin-right: 0px; margin-bottom: 20px; margin-left: 0px; word-break: break-word; color: rgb(0, 0, 0); font-family: &quot;PT Root UI&quot;, sans-serif; text-align: justify;\"><a href=\"https://turkmenportal.com/images/uploads/images/news/2022/8/24/7150db131b17da1052eafacf18a5f6150375ba91_720_405_c.jpg\" class=\"fancybox\" rel=\"blog\" data-fancybox=\"blog\" style=\"color: rgb(66, 139, 202); text-decoration-line: none; cursor: zoom-in;\"><img alt=\"\" src=\"https://turkmenportal.com/images/uploads/images/news/2022/8/24/7150db131b17da1052eafacf18a5f6150375ba91_720_405_c.jpg\" style=\"border: 0px; margin: 10px; height: 197px; width: 350px;\"></a></p><p style=\"margin-right: 0px; margin-bottom: 20px; margin-left: 0px; word-break: break-word; color: rgb(0, 0, 0); font-family: &quot;PT Root UI&quot;, sans-serif; text-align: justify;\">Ýeri gelende robotlary işläp taýýarlamagy öwrenmegiň şu tapgyrlardan ybaratdygyny bellemek gerek.</p><p style=\"margin-right: 0px; margin-bottom: 20px; margin-left: 0px; word-break: break-word; color: rgb(0, 0, 0); font-family: &quot;PT Root UI&quot;, sans-serif; text-align: justify;\"><strong style=\"font-weight: bold;\">Shemotehnika</strong></p><p style=\"margin-right: 0px; margin-bottom: 20px; margin-left: 0px; word-break: break-word; color: rgb(0, 0, 0); font-family: &quot;PT Root UI&quot;, sans-serif; text-align: justify;\"><strong style=\"font-weight: bold;\"><a href=\"https://turkmenportal.com/images/uploads/images/news/2022/8/24/image_9.jpg\" class=\"fancybox\" rel=\"blog\" data-fancybox=\"blog\" style=\"color: rgb(66, 139, 202); text-decoration-line: none; cursor: zoom-in;\"><img alt=\"\" src=\"https://turkmenportal.com/images/uploads/images/news/2022/8/24/image_9.jpg\" style=\"border: 0px; margin: 10px; height: 233px; width: 350px;\"></a></strong></p><p style=\"margin-right: 0px; margin-bottom: 20px; margin-left: 0px; word-break: break-word; color: rgb(0, 0, 0); font-family: &quot;PT Root UI&quot;, sans-serif; text-align: justify;\">Bu robototehnikanyň esasy modulydyr. Bu babatda öwreniji elektrik düşünjeleri we elektrik shemalary gurmagyň ýörelgeleri bilen tanyşdyrylýar. Elektrik enjamlaryň işleýiş aýratynlyklary açylýar, shemalary okamak we ýönekeý önümleri özbaşdak ýygnamak öwredilýär. Bu iş şu aýratynlyklary özünde jemleýär:</p><p style=\"margin-right: 0px; margin-bottom: 20px; margin-left: 0px; word-break: break-word; color: rgb(0, 0, 0); font-family: &quot;PT Root UI&quot;, sans-serif; text-align: justify;\">- iň ýönekeý element bazasynyň nazary esaslary;<br>- shemotehnikanyň esaslary we elektrik shemasynyň gurluşygy;<br>- esasy shemalary işläp düzmek;<br>- enjamlaryň synag we stend modellerini ýygnamak</p><p style=\"margin-right: 0px; margin-bottom: 20px; margin-left: 0px; word-break: break-word; color: rgb(0, 0, 0); font-family: &quot;PT Root UI&quot;, sans-serif; text-align: justify;\"><strong style=\"font-weight: bold;\">Programmirlemek</strong></p><p style=\"margin-right: 0px; margin-bottom: 20px; margin-left: 0px; word-break: break-word; color: rgb(0, 0, 0); font-family: &quot;PT Root UI&quot;, sans-serif; text-align: justify;\">Munda robotlar üçin degişli bolan buýruklar ýazylýar. Bu modulda öwrenijiniň algoritmleriň çäginde öwrenmegiň çylşyrymlylygy we hereketleri hem-de täsirleri logiki zynjyrlara baglanyşdyrmak ukyby ýokarlanýar. Çylşyrymly material, anyk meňzeşlik we sapak wagtyndaky amaly ulanyş bilen ýakyn baglanyşyk sebäpli öwrenmek aňsatdyr.</p><p style=\"margin-right: 0px; margin-bottom: 20px; margin-left: 0px; word-break: break-word; color: rgb(0, 0, 0); font-family: &quot;PT Root UI&quot;, sans-serif; text-align: justify;\"><strong style=\"font-weight: bold;\">Roboty ýygnamak</strong></p><p style=\"margin-right: 0px; margin-bottom: 20px; margin-left: 0px; word-break: break-word; color: rgb(0, 0, 0); font-family: &quot;PT Root UI&quot;, sans-serif; text-align: justify;\">Bu işiň amaly bölegi bolup, onda çaga tarapyndan oýlanyp tapylan robot döredilýär. Okuwçylar oýlap tapyş meselesini çözmegiň teoriýasy barada düşünje alýarlar — bu oýlap tapyş ukyplaryny ösdürmäge gönükdirilen we ýokary tehniki okuw jaýlarynyň amaly derslerine esaslanýan moduldyr.</p><p style=\"margin-right: 0px; margin-bottom: 20px; margin-left: 0px; word-break: break-word; color: rgb(0, 0, 0); font-family: &quot;PT Root UI&quot;, sans-serif; text-align: justify;\"><a href=\"https://turkmenportal.com/images/uploads/images/news/2022/8/24/robics_mindstorms.e6ef8bca392e06b36e66db228347a276.jpg\" class=\"fancybox\" rel=\"blog\" data-fancybox=\"blog\" style=\"color: rgb(66, 139, 202); text-decoration-line: none; cursor: zoom-in;\"><img alt=\"\" src=\"https://turkmenportal.com/images/uploads/images/news/2022/8/24/robics_mindstorms.e6ef8bca392e06b36e66db228347a276.jpg\" style=\"border: 0px; margin: 10px; height: 210px; width: 350px;\"></a></p><p style=\"margin-right: 0px; margin-bottom: 20px; margin-left: 0px; word-break: break-word; color: rgb(0, 0, 0); font-family: &quot;PT Root UI&quot;, sans-serif; text-align: justify;\">Çagalar ylym we tehnologiýanyň dürli ugurlarynda bilim alýarlar, şeýle hem täze konstruktorlyk çözgütlerini we inženerçilik meselelerini işläp taýýarlamaklygyň mehanizmlerini öwrenýärler. Munda prototipleri döretmek tehnologiýalary we ideýadan ahyrky önüme çenli ideýany durmuşa geçirmegiň tutuş toplumy göz öňünde tutulýar.&nbsp;</p><p style=\"margin-right: 0px; margin-bottom: 20px; margin-left: 0px; word-break: break-word; color: rgb(0, 0, 0); font-family: &quot;PT Root UI&quot;, sans-serif; text-align: justify;\">Robototehnikanyň bu esasy ýörelgeleri, ýa-da başgaça aýdylanda önümçilik tapgyrlary çagalaryň roboty oýlap tapmagyna giňden ýardam berýär. Bu ugurda robotlaryň işlenip taýýarlanylmagyna esaslyk nazary bilimler we amaly tejribeler hökmany zerurdyr. Çagalara robotlary taýýarlamagy öwretmekde degişli çözgütleri durmuşa geçirmek babatda</p><p style=\"margin-right: 0px; margin-bottom: 20px; margin-left: 0px; word-break: break-word; color: rgb(0, 0, 0); font-family: &quot;PT Root UI&quot;, sans-serif; text-align: justify;\">«Türkmenistanda 2019 — 2025-nji ýyllarda sanly ykdysadyýeti ösdürmegiň Konsepsiýasy» aýratyn ähmiýete eýe bolup, ondan gelip çykýan wezipeleri amala aşyrmakda robotlary taýýarlamagyň hem uly hyzmatynyň bardygyny bellemeli.</p><p style=\"margin-right: 0px; margin-bottom: 20px; margin-left: 0px; word-break: break-word; color: rgb(0, 0, 0); font-family: &quot;PT Root UI&quot;, sans-serif; text-align: justify;\">Robot taýýarlamak babatda ýokarda aýdylan ýörelgeleri özleşdirmekde Türkmenistanda bu ugurda üstünlikli taslamalary ýola goýmaga mümkinçilik berýän «Sanly Çözgüt IT meýdança» hojalyk jemgyýeti tarapyndan birnäçe gysga möhletli okuwlar alnyp barylýar.</p><p style=\"margin-right: 0px; margin-bottom: 20px; margin-left: 0px; word-break: break-word; color: rgb(0, 0, 0); font-family: &quot;PT Root UI&quot;, sans-serif; text-align: justify;\">Hojalyk jemgyýeti tarapyndan «Robot tehnikasyna başlaýanlar üçin» gysga möhletli okuwlar (6-13 ýaşlar aralygynda) guralýar. Esasan, bu okuw kursunda çagalara mBlock robotlaryny we programma üpjünçiligini öwrenmekleri üçin sapaklar geçilýär. Okuwlar hepdäniň duşenbe hem-de şenbe günleri aralygynda sagat 08:00-dan 13:00 çenli dowam edýär. Bu okuwlary tamamlanyndan soňra çagalara şahadatnamalar gowşurylýar.</p><p style=\"margin-right: 0px; margin-bottom: 20px; margin-left: 0px; word-break: break-word; color: rgb(0, 0, 0); font-family: &quot;PT Root UI&quot;, sans-serif; text-align: justify;\"><a href=\"https://turkmenportal.com/images/uploads/images/news/2022/8/24/shutterstock_1047283873-%D0%BA%D0%BE%D0%BF%D0%B8%D1%8F.jpg\" class=\"fancybox\" rel=\"blog\" data-fancybox=\"blog\" style=\"color: rgb(66, 139, 202); text-decoration-line: none; cursor: zoom-in;\"><img alt=\"\" src=\"https://turkmenportal.com/images/uploads/images/news/2022/8/24/shutterstock_1047283873-%D0%BA%D0%BE%D0%BF%D0%B8%D1%8F.jpg\" style=\"border: 0px; margin: 10px; height: 197px; width: 350px;\"></a></p><p style=\"margin-right: 0px; margin-bottom: 20px; margin-left: 0px; word-break: break-word; color: rgb(0, 0, 0); font-family: &quot;PT Root UI&quot;, sans-serif; text-align: justify;\">«Sanly Çözgüt IT meýdança» hojalyk jemgyýeti mundan başga hem Kompýuter sowatlylygy (Windows operasion ulgamlary, Microsoft Word ýazgy redaktory, Microsoft Excel tablisa prosessory, Kompýuter torlary, Internet), Tor tehnologiýasy (Torlary we serwerleri dolandyrmak, Network we Server Administration), Programmirleme dilleri (Algoritmleşdirmegiň we programmirlemegiň esaslary, HTML we CSS programmirleme dilleri, PHP programmirleme dili, JAVA programmirleme dili) ýaly birnäçe gysga möhletli okuwlary guraýar.&nbsp;</p><p style=\"margin-right: 0px; margin-bottom: 20px; margin-left: 0px; word-break: break-word; color: rgb(0, 0, 0); font-family: &quot;PT Root UI&quot;, sans-serif; text-align: justify;\">Robototehnikanyň esaslary we amalyýeti, şeýle-de programmirleme hem-de kompýuter sowatlylygy bilen bagly bu okuwlary okamaga isleg bildirýän ýaşlar «Sanly Çözgüt IT meýdança» hojalyk jemgyýetiniň it.net.tm resmi web saýtyna girmek arkaly okuwlar barada giňişleýin maglumatlary alyp, şeýle-de okuwlara ýazylyp bilerler.</p>', 'active', '2022-09-14 12:14:18', '2022-09-14 12:14:18'),
(23, '«TMCELL» aragatnaşyk operatorynyň hyzmatlaryndan telefon arkaly nädip peýdalanmaly', 'tmcell-aragatnasyk-operatorynyn-hyzmatlaryndan-telefon-arkaly-nadip-peydalanmaly', '20220914171450.jpg', '<p style=\"margin-right: 0px; margin-bottom: 20px; margin-left: 0px; word-break: break-word; color: rgb(0, 0, 0); font-family: &quot;PT Root UI&quot;, sans-serif; text-align: justify;\">Häzirki zaman aragatnaşyk operatorynyň esasy amatlyklarynyň biri-de, onuň hyzmatlaryndan uzak aralykdan, has takygy hiç bir ýere gitmezden smartfon arkaly onlaýn peýdalanyp bolýanlygydyr.</p><p style=\"margin-right: 0px; margin-bottom: 20px; margin-left: 0px; word-break: break-word; color: rgb(0, 0, 0); font-family: &quot;PT Root UI&quot;, sans-serif; text-align: justify;\">Bu babatda&nbsp;<a href=\"https://tmcell.tm/\" target=\"_blank\" style=\"color: rgb(66, 139, 202); text-decoration-line: none;\">«TMCELL»</a>&nbsp;aragatnaşyk operatory telefon arkaly girizip dürli hili zerur bolan maglumatlary almaga hem-de hyzmatlary birikdirmäge mümkinçilik berýän ýörite niýetlenen&nbsp;<strong style=\"font-weight: bold;\">USSD kodlary</strong>&nbsp;ulanyjylara ýetirýär. Munda hyzmatlaryň aglabasyny telefondan gysga belgiler boýunça SMS ýollamalaryny iberip birikdirip bolýar.</p><p style=\"margin-right: 0px; margin-bottom: 20px; margin-left: 0px; word-break: break-word; color: rgb(0, 0, 0); font-family: &quot;PT Root UI&quot;, sans-serif; text-align: justify;\">Kodlaryň köpüsi 4 belgiden ybarat bolup, olary ýatda saklamak hem ýeňildir. Köp belgili kodlar bolsa diňe zerurlyga görä seýrek ulanylýar. Olaryň käbirlerini ýygy-ýygydan (mysal üçin, hasabyňy barlamak), käbirini bolsa kähalatlarda, ýene birini bolsa diňe bir gezeklik peýdalanýarys. «TMCELL» hyzmatlary üçin peýdalanylýan kodlar şulardan ybarat:</p><p style=\"margin-right: 0px; margin-bottom: 20px; margin-left: 0px; word-break: break-word; color: rgb(0, 0, 0); font-family: &quot;PT Root UI&quot;, sans-serif; text-align: justify;\"><strong style=\"font-weight: bold;\">Hyzmatlar üçin:</strong></p><p style=\"margin-right: 0px; margin-bottom: 20px; margin-left: 0px; word-break: break-word; color: rgb(0, 0, 0); font-family: &quot;PT Root UI&quot;, sans-serif; text-align: justify;\">- Esasy menýu —&nbsp;<strong style=\"font-weight: bold;\">*0809#</strong></p><p style=\"margin-right: 0px; margin-bottom: 20px; margin-left: 0px; word-break: break-word; color: rgb(0, 0, 0); font-family: &quot;PT Root UI&quot;, sans-serif; text-align: justify;\">Dil saýlamak —&nbsp;<strong style=\"font-weight: bold;\">*0809*0*</strong>&nbsp;(iňlis dili üçin — 1# goşmaly, türkmen dili üçin — 2# goşmaly, rus dili üçin — 3# goşmaly)</p><p style=\"margin-right: 0px; margin-bottom: 20px; margin-left: 0px; word-break: break-word; color: rgb(0, 0, 0); font-family: &quot;PT Root UI&quot;, sans-serif; text-align: justify;\">- Jaňlary başga salga ýollamak üçin —&nbsp;<strong style=\"font-weight: bold;\">*0809*2*5*1#&nbsp;</strong>(hyzmaty öçürmek üçin&nbsp;<strong style=\"font-weight: bold;\">*0809*2*5*0#</strong>)</p><p style=\"margin-right: 0px; margin-bottom: 20px; margin-left: 0px; word-break: break-word; color: rgb(0, 0, 0); font-family: &quot;PT Root UI&quot;, sans-serif; text-align: justify;\">- Jaňa liniýada garaşmak —&nbsp;<strong style=\"font-weight: bold;\">*0809*2*1*1#</strong>&nbsp;(hyzmaty öçürmek üçin&nbsp;<strong style=\"font-weight: bold;\">*0809*2*1*0#</strong>)</p><p style=\"margin-right: 0px; margin-bottom: 20px; margin-left: 0px; word-break: break-word; color: rgb(0, 0, 0); font-family: &quot;PT Root UI&quot;, sans-serif; text-align: justify;\">- Öz belgiňi anyklamagy gadagan etmek —&nbsp;<strong style=\"font-weight: bold;\">*0809*2*3*1#</strong>&nbsp;(hyzmaty öçürmek üçin&nbsp;<strong style=\"font-weight: bold;\">*0809*2*3*0#</strong>)</p><p style=\"margin-right: 0px; margin-bottom: 20px; margin-left: 0px; word-break: break-word; color: rgb(0, 0, 0); font-family: &quot;PT Root UI&quot;, sans-serif; text-align: justify;\">- Belgini anyklamagy gadagan etmegiň öňüni almak —&nbsp;<strong style=\"font-weight: bold;\">*0809*2*4*1#</strong>&nbsp;(hyzmaty öçürmek üçin&nbsp;<strong style=\"font-weight: bold;\">*0809*2*4*0#</strong>)</p><p style=\"margin-right: 0px; margin-bottom: 20px; margin-left: 0px; word-break: break-word; color: rgb(0, 0, 0); font-family: &quot;PT Root UI&quot;, sans-serif; text-align: justify;\">- Halkara derejesine çykmak hyzmaty —&nbsp;<strong style=\"font-weight: bold;\">*0809*1*2#&nbsp;</strong>(öçürmek üçin&nbsp;<strong style=\"font-weight: bold;\">*0809*1*1#</strong>)</p><p style=\"margin-right: 0px; margin-bottom: 20px; margin-left: 0px; word-break: break-word; color: rgb(0, 0, 0); font-family: &quot;PT Root UI&quot;, sans-serif; text-align: justify;\">- Rowming birikdirmek —&nbsp;<strong style=\"font-weight: bold;\">*0809*1*3*1#</strong>&nbsp;(öçürmek üçin&nbsp;<strong style=\"font-weight: bold;\">*0809*1*3*0#</strong>). Rowming hyzmatyny birikdirmek üçin hasabyňda azynda 525 manat bolmaly we «Halkara jaňlar» hyzmaty birikdirilen bolmalydyr.</p><p style=\"margin-right: 0px; margin-bottom: 20px; margin-left: 0px; word-break: break-word; color: rgb(0, 0, 0); font-family: &quot;PT Root UI&quot;, sans-serif; text-align: justify;\">- Gudogyň ýerine saz goýmak — munuň üçin&nbsp;<strong style=\"font-weight: bold;\">1010 belgisine jaň edip,</strong>&nbsp;hyzmatyň dilini hem-de sazy saýlap bilersiňiz (hyzmaty öçürmek üçin hem 1010 belgä jaň etmek bilen dili saýlap, «öçürmek» hyzmatyndan peýdalanmaly)</p><p style=\"margin-right: 0px; margin-bottom: 20px; margin-left: 0px; word-break: break-word; color: rgb(0, 0, 0); font-family: &quot;PT Root UI&quot;, sans-serif; text-align: justify;\">- «Ses habarnamasy» hyzmatyny birikdirmek — munda ses habarnamasyny ugratmagy düşündirýän gözükdirme almak üçin&nbsp;<strong style=\"font-weight: bold;\">0815 belgisine jaň etmeli</strong></p><p style=\"margin-right: 0px; margin-bottom: 20px; margin-left: 0px; word-break: break-word; color: rgb(0, 0, 0); font-family: &quot;PT Root UI&quot;, sans-serif; text-align: justify;\">-&nbsp;<strong style=\"font-weight: bold;\">«Çäksiz saz» hyzmaty</strong>&nbsp;— munuň üçin&nbsp;<a href=\"https://play.google.com/store/search?q=tmcell+sazz&amp;c=apps&amp;hl=ru&amp;gl=US\" target=\"_blank\" style=\"color: rgb(66, 139, 202); text-decoration-line: none;\">Google Play</a>&nbsp;ýa-da&nbsp;<a href=\"https://apps.apple.com/us/app/sazz/id1156443362\" target=\"_blank\" style=\"color: rgb(66, 139, 202); text-decoration-line: none;\">AppStore</a>&nbsp;internet dükanyndan «Tmcell sazz» ykjam goşundysyny ýükläp almaly we&nbsp;<strong style=\"font-weight: bold;\">*0809*11#</strong>&nbsp;USSD kody arkaly hyzmaty birikdirmeli (Hyzmatyň bir aý möhlet üçin 10 manat tölegi bar)</p><p style=\"margin-right: 0px; margin-bottom: 20px; margin-left: 0px; word-break: break-word; color: rgb(0, 0, 0); font-family: &quot;PT Root UI&quot;, sans-serif; text-align: justify;\">- Mundan başga-da,&nbsp;<strong style=\"font-weight: bold;\">Mobile TV&nbsp;</strong>hyzmatyny birikdirip bolýar. Bu hyzmaty ýola goýmak üçin 4G interneti kabul edip bilýän 2100 MHz ýygylykly telefon we 4G LTE internetiň açylan bolmagy zerurdyr. Şunuň bilen birlikde hem&nbsp;<a href=\"https://play.google.com/store/apps/details?id=net.programhana.altynasyr.android.MobileTV&amp;hl=ru&amp;gl=US\" target=\"_blank\" style=\"color: rgb(66, 139, 202); text-decoration-line: none;\">Google Play&nbsp;</a>ýa-da&nbsp;<a href=\"https://apps.apple.com/us/app/sazz/id1156443362\" target=\"_blank\" style=\"color: rgb(66, 139, 202); text-decoration-line: none;\">AppStore</a>&nbsp;internet dükanyndan onuň ykjam goşundysyny ýüklemeli. Hyzmaty birikdirmegiň kody —&nbsp;<strong style=\"font-weight: bold;\">*0809*2*10*1#</strong>.</p><p style=\"margin-right: 0px; margin-bottom: 20px; margin-left: 0px; word-break: break-word; color: rgb(0, 0, 0); font-family: &quot;PT Root UI&quot;, sans-serif; text-align: justify;\"><strong style=\"font-weight: bold;\">«Ulgamda» habarnamasynyň hyzmaty</strong></p><p style=\"margin-right: 0px; margin-bottom: 20px; margin-left: 0px; word-break: break-word; color: rgb(0, 0, 0); font-family: &quot;PT Root UI&quot;, sans-serif; text-align: justify;\">- Size jaň edýän abonente siziň ulgamdadygyňyz baradaky habarnamany ibermek üçin 0880 belgisine «A1» ýazgyly SMS ýollamaly (hyzmaty öçürmek üçin şol belgä «A0» ýazgyly SMS ýollamaly)</p><p style=\"margin-right: 0px; margin-bottom: 20px; margin-left: 0px; word-break: break-word; color: rgb(0, 0, 0); font-family: &quot;PT Root UI&quot;, sans-serif; text-align: justify;\">- Beýleki abonentiň ulgamdadygy baradaky habarnamany almak üçin 0880 belgisine «C1» ýazgyly SMS ýollamaly (hyzmaty öçürmek üçin şol belgä «AC» ýazgyly SMS ýollamaly)</p><p style=\"margin-right: 0px; margin-bottom: 20px; margin-left: 0px; word-break: break-word; color: rgb(0, 0, 0); font-family: &quot;PT Root UI&quot;, sans-serif; text-align: justify;\">- Siziň belgiňiziň elýeter däldigi baradaky habarnamany ibermek üçin 0880 belgä SMS ýollamaly. Habarnamada TEXT ýazgysyny ýazyp, yzyndan özüňize gerek jümläni ýazyp bilýärsiňiz. (Mysal üçin, «Az salymdan jaň ederin»)</p><p style=\"margin-right: 0px; margin-bottom: 20px; margin-left: 0px; word-break: break-word; color: rgb(0, 0, 0); font-family: &quot;PT Root UI&quot;, sans-serif; text-align: justify;\">Hyzmaty öçürmek üçin hem 0880 belgä TEXT ýazgysyny ibermeli).</p><p style=\"margin-right: 0px; margin-bottom: 20px; margin-left: 0px; word-break: break-word; color: rgb(0, 0, 0); font-family: &quot;PT Root UI&quot;, sans-serif; text-align: justify;\"><strong style=\"font-weight: bold;\">Nyrhnamalary dolandyrmak</strong></p><p style=\"margin-right: 0px; margin-bottom: 20px; margin-left: 0px; word-break: break-word; color: rgb(0, 0, 0); font-family: &quot;PT Root UI&quot;, sans-serif; text-align: justify;\">- Öz nyrh meýilnamaňy anyklamak —&nbsp;<strong style=\"font-weight: bold;\">*0809*6*1*1#</strong>.</p><p style=\"margin-right: 0px; margin-bottom: 20px; margin-left: 0px; word-break: break-word; color: rgb(0, 0, 0); font-family: &quot;PT Root UI&quot;, sans-serif; text-align: justify;\"><strong style=\"font-weight: bold;\">Nyrh meýilnamaňy çalyşmak</strong></p><p style=\"margin-right: 0px; margin-bottom: 20px; margin-left: 0px; word-break: break-word; color: rgb(0, 0, 0); font-family: &quot;PT Root UI&quot;, sans-serif; text-align: justify;\">- Internet 50 -&nbsp;<strong style=\"font-weight: bold;\">*0809*6*1*2*133#</strong>;</p><p style=\"margin-right: 0px; margin-bottom: 20px; margin-left: 0px; word-break: break-word; color: rgb(0, 0, 0); font-family: &quot;PT Root UI&quot;, sans-serif; text-align: justify;\">- Sowgat 1000+ -&nbsp;<strong style=\"font-weight: bold;\">*0809*6*1*2*131#</strong>;</p><p style=\"margin-right: 0px; margin-bottom: 20px; margin-left: 0px; word-break: break-word; color: rgb(0, 0, 0); font-family: &quot;PT Root UI&quot;, sans-serif; text-align: justify;\">- Sowgat 2000 -&nbsp;<strong style=\"font-weight: bold;\">*0809*6*1*2*130#</strong>;</p><p style=\"margin-right: 0px; margin-bottom: 20px; margin-left: 0px; word-break: break-word; color: rgb(0, 0, 0); font-family: &quot;PT Root UI&quot;, sans-serif; text-align: justify;\">- Sowgat 500 -&nbsp;<strong style=\"font-weight: bold;\">*0809*6*1*2*140#</strong>;</p><p style=\"margin-right: 0px; margin-bottom: 20px; margin-left: 0px; word-break: break-word; color: rgb(0, 0, 0); font-family: &quot;PT Root UI&quot;, sans-serif; text-align: justify;\">- Çäksiz gepleşik -&nbsp;<strong style=\"font-weight: bold;\">*0809*6*1*2*132#</strong>;</p><p style=\"margin-right: 0px; margin-bottom: 20px; margin-left: 0px; word-break: break-word; color: rgb(0, 0, 0); font-family: &quot;PT Root UI&quot;, sans-serif; text-align: justify;\">- Gürleşiber -&nbsp;<strong style=\"font-weight: bold;\">*0809*6*1*2*126#</strong>;</p><p style=\"margin-right: 0px; margin-bottom: 20px; margin-left: 0px; word-break: break-word; color: rgb(0, 0, 0); font-family: &quot;PT Root UI&quot;, sans-serif; text-align: justify;\">- Sada -&nbsp;<strong style=\"font-weight: bold;\">*0809*6*1*2*122#</strong>;</p><p style=\"margin-right: 0px; margin-bottom: 20px; margin-left: 0px; word-break: break-word; color: rgb(0, 0, 0); font-family: &quot;PT Root UI&quot;, sans-serif; text-align: justify;\">- Seniň ulgamyň 1 -&nbsp;<strong style=\"font-weight: bold;\">*0809*6*1*2*119#</strong>;</p><p style=\"margin-right: 0px; margin-bottom: 20px; margin-left: 0px; word-break: break-word; color: rgb(0, 0, 0); font-family: &quot;PT Root UI&quot;, sans-serif; text-align: justify;\">- Amatly -&nbsp;<strong style=\"font-weight: bold;\">*0809*6*1*2*109#</strong>;</p><p style=\"margin-right: 0px; margin-bottom: 20px; margin-left: 0px; word-break: break-word; color: rgb(0, 0, 0); font-family: &quot;PT Root UI&quot;, sans-serif; text-align: justify;\">- Tygşytly -&nbsp;<strong style=\"font-weight: bold;\">*0809*6*1*2*106#</strong>;</p><p style=\"margin-right: 0px; margin-bottom: 20px; margin-left: 0px; word-break: break-word; color: rgb(0, 0, 0); font-family: &quot;PT Root UI&quot;, sans-serif; text-align: justify;\">- 3G – Internet WCDMA -&nbsp;<strong style=\"font-weight: bold;\">*0809*6*1*2*104#</strong>.</p><p style=\"margin-right: 0px; margin-bottom: 20px; margin-left: 0px; word-break: break-word; color: rgb(0, 0, 0); font-family: &quot;PT Root UI&quot;, sans-serif; text-align: justify;\"><strong style=\"font-weight: bold;\">Aýlyk internet-bukjany birikdirmek</strong></p><p style=\"margin-right: 0px; margin-bottom: 20px; margin-left: 0px; word-break: break-word; color: rgb(0, 0, 0); font-family: &quot;PT Root UI&quot;, sans-serif; text-align: justify;\">- Internet 3 (50 Мb) -&nbsp;<strong style=\"font-weight: bold;\">*0850*3#</strong>;</p><p style=\"margin-right: 0px; margin-bottom: 20px; margin-left: 0px; word-break: break-word; color: rgb(0, 0, 0); font-family: &quot;PT Root UI&quot;, sans-serif; text-align: justify;\">- Internet 5 (100 Мb) -&nbsp;<strong style=\"font-weight: bold;\">*0850*5#</strong>;</p><p style=\"margin-right: 0px; margin-bottom: 20px; margin-left: 0px; word-break: break-word; color: rgb(0, 0, 0); font-family: &quot;PT Root UI&quot;, sans-serif; text-align: justify;\">- Internet 15 (500 Мb) -<strong style=\"font-weight: bold;\">&nbsp;*0850*15#</strong>;</p><p style=\"margin-right: 0px; margin-bottom: 20px; margin-left: 0px; word-break: break-word; color: rgb(0, 0, 0); font-family: &quot;PT Root UI&quot;, sans-serif; text-align: justify;\">- Internet 55 (1 Gb) -&nbsp;<strong style=\"font-weight: bold;\">*0850*55#</strong>;</p><p style=\"margin-right: 0px; margin-bottom: 20px; margin-left: 0px; word-break: break-word; color: rgb(0, 0, 0); font-family: &quot;PT Root UI&quot;, sans-serif; text-align: justify;\">- Internet 160 (4 Gb) -&nbsp;<strong style=\"font-weight: bold;\">*0850*160#</strong>;</p><p style=\"margin-right: 0px; margin-bottom: 20px; margin-left: 0px; word-break: break-word; color: rgb(0, 0, 0); font-family: &quot;PT Root UI&quot;, sans-serif; text-align: justify;\">- Internet 350 (10 Gb) -<strong style=\"font-weight: bold;\">&nbsp;*0850*350#</strong>.</p><p style=\"margin-right: 0px; margin-bottom: 20px; margin-left: 0px; word-break: break-word; color: rgb(0, 0, 0); font-family: &quot;PT Root UI&quot;, sans-serif; text-align: justify;\"><strong style=\"font-weight: bold;\">Hasaby barlamak</strong></p><p style=\"margin-right: 0px; margin-bottom: 20px; margin-left: 0px; word-break: break-word; color: rgb(0, 0, 0); font-family: &quot;PT Root UI&quot;, sans-serif; text-align: justify;\">- Häzirki hasabyňy barlamak —&nbsp;<strong style=\"font-weight: bold;\">*0800#</strong></p><p style=\"margin-right: 0px; margin-bottom: 20px; margin-left: 0px; word-break: break-word; color: rgb(0, 0, 0); font-family: &quot;PT Root UI&quot;, sans-serif; text-align: justify;\">- Şu aýdaky hasabyňy barlamak —&nbsp;<strong style=\"font-weight: bold;\">0807</strong>&nbsp;belgä boş SMS habarnamasyny ibermeli</p><p style=\"margin-right: 0px; margin-bottom: 20px; margin-left: 0px; word-break: break-word; color: rgb(0, 0, 0); font-family: &quot;PT Root UI&quot;, sans-serif; text-align: justify;\">- Geçen aýdaky hasabyňy barlamak —&nbsp;<strong style=\"font-weight: bold;\">0807</strong>&nbsp;belgä&nbsp;<strong style=\"font-weight: bold;\">«1»</strong>&nbsp;ýazgyly SMS habarnamasyny ibermeli</p><p style=\"margin-right: 0px; margin-bottom: 20px; margin-left: 0px; word-break: break-word; color: rgb(0, 0, 0); font-family: &quot;PT Root UI&quot;, sans-serif; text-align: justify;\">- Siziň adyňyzda duran başga bir belginiň hasabyny barlamak üçin 0806 belgä +9936Х XX XX XX görnüşde degişli belgini ýazyp SMS habarnamasyny ugratmaly</p><p style=\"margin-right: 0px; margin-bottom: 20px; margin-left: 0px; word-break: break-word; color: rgb(0, 0, 0); font-family: &quot;PT Root UI&quot;, sans-serif; text-align: justify;\"><a href=\"https://apps.apple.com/us/app/tmcell-%C5%9Fahsy-otag/id1531499234\" target=\"_blank\" style=\"color: rgb(66, 139, 202); text-decoration-line: none;\"><strong style=\"font-weight: bold;\">Şahsy otaga girmek</strong></a></p><p style=\"margin-right: 0px; margin-bottom: 20px; margin-left: 0px; word-break: break-word; color: rgb(0, 0, 0); font-family: &quot;PT Root UI&quot;, sans-serif; text-align: justify;\">Munuň üçin<strong style=\"font-weight: bold;\">&nbsp;0831&nbsp;</strong>belgä boş SMS habarnamasyny iberip, girmäge mümkinçilik berýän kody almaly</p><p style=\"margin-right: 0px; margin-bottom: 20px; margin-left: 0px; word-break: break-word; color: rgb(0, 0, 0); font-family: &quot;PT Root UI&quot;, sans-serif; text-align: justify;\"><strong style=\"font-weight: bold;\">Töleg</strong></p><p style=\"margin-right: 0px; margin-bottom: 20px; margin-left: 0px; word-break: break-word; color: rgb(0, 0, 0); font-family: &quot;PT Root UI&quot;, sans-serif; text-align: justify;\">- Karz tölegini — «Ynamdar tölegi» geçirmek üçin —&nbsp;<strong style=\"font-weight: bold;\">*8888#</strong></p><p style=\"margin-right: 0px; margin-bottom: 20px; margin-left: 0px; word-break: break-word; color: rgb(0, 0, 0); font-family: &quot;PT Root UI&quot;, sans-serif; text-align: justify;\">- Bir belgiden başga bir belgä pul geçirmegi gadagan etmek —<strong style=\"font-weight: bold;\">&nbsp;*0809*4*4*1</strong># (gadagan etmäni ýatyrmak üçin&nbsp;<strong style=\"font-weight: bold;\">*0809*4*4*0#</strong>)</p><p style=\"margin-right: 0px; margin-bottom: 20px; margin-left: 0px; word-break: break-word; color: rgb(0, 0, 0); font-family: &quot;PT Root UI&quot;, sans-serif; text-align: justify;\">Bulardan başga-da, bu operatorda bank kartyň arkaly hasabyňy doldurmak mümkinçiligi bar. Munuň üçin&nbsp;<a href=\"https://play.google.com/store/apps/details?id=com.belgilabs.tmcellpay&amp;hl=ru&amp;gl=US\" target=\"_blank\" style=\"color: rgb(66, 139, 202); text-decoration-line: none;\">Google Play</a>&nbsp;ýa-da&nbsp;<a href=\"https://apps.apple.com/us/app/tmcell-t%C3%B6leg/id1383698780\" target=\"_blank\" style=\"color: rgb(66, 139, 202); text-decoration-line: none;\">AppStore&nbsp;</a>internet dükanyndan&nbsp;<strong style=\"font-weight: bold;\">«TMCELL Töleg»</strong>&nbsp;ykjam goşundysyny ýüklemeli.</p>', 'active', '2022-09-14 12:14:50', '2022-09-14 12:14:50');
INSERT INTO `makalalar` (`id`, `makala_title`, `makala_slug`, `makala_image`, `makala_description`, `makala_status`, `created_at`, `updated_at`) VALUES
(24, 'Erkek kişiden görelde alarlyk 7 häsiýet', 'erkek-kisiden-gorelde-alarlyk-7-hasiyet', '20220914171529.jpg', '<p style=\"margin-right: 0px; margin-bottom: 20px; margin-left: 0px; word-break: break-word; color: rgb(0, 0, 0); font-family: &quot;PT Root UI&quot;, sans-serif; text-align: justify;\">Her bir zenan ömründe iň bolmanda birje gezek erkek kişileriň durmuşy ýeňil diýen pikire gulluk eden bolsa gerek. Bu bir tarapdan dogry diýseňem bolýar. Eýsem erkek kişilerde-de aýallaryň nusga alaýmaly häsiýetleri we endikleri az däl.</p><p style=\"margin-right: 0px; margin-bottom: 20px; margin-left: 0px; word-break: break-word; color: rgb(0, 0, 0); font-family: &quot;PT Root UI&quot;, sans-serif; text-align: justify;\">Dogry, erkekler gülgün reňk öwüşginlerine düşünenoklar ýa-da ony kabul edip bilenoklar, käbirleri joraplaryny çem gelen ýere taşlaýarlar, käsi bolsa diş pastasynyň gapajygyny ýapmaýar... ýöne beýle diýilse, ters pikirde bolmaly däldir. Töwerekdäki erkek kişilere üns berseňiz, olarda öwrenerlik, ýogsa-da nusga alarlyk endikler we häsiýetler bardyr. Olarda azyndan&nbsp;<strong style=\"font-weight: bold;\">7 sany zerur häsiýetiň</strong>&nbsp;aýal maşgalada ýetmezçilik etmeýändigine göz ýetirersiňiz.</p><p style=\"margin-right: 0px; margin-bottom: 20px; margin-left: 0px; word-break: break-word; color: rgb(0, 0, 0); font-family: &quot;PT Root UI&quot;, sans-serif; text-align: justify;\"><strong style=\"font-weight: bold;\">Öz-özüňi kämilleşdirmek</strong></p><p style=\"margin-right: 0px; margin-bottom: 20px; margin-left: 0px; word-break: break-word; color: rgb(0, 0, 0); font-family: &quot;PT Root UI&quot;, sans-serif; text-align: justify;\">Zenanlar — daşky keşp gözelligine eýermegiň yzynda ylgap, özlerini az kösemeýärler. Aýagym o diýen uzyn däl, saçlarym has inçe, gözlerim isleýşim ýaly ululykda däl diýen ýaly nägilelikler we hemişe agramyň barada oýlanyp gezmek — köp aýal-gyzlara, hatda has gelşikli gyzlara-da mahsus bolan mowzuk. Bu wagtda erkekler näme işleýärkä? Olaryň hemme zatdan göwnübir, özlerine-de mynasyp derejede göwni ýetýär, olar üçin garnyň çykmagam artykmaç agram däl.</p><p style=\"margin-right: 0px; margin-bottom: 20px; margin-left: 0px; word-break: break-word; color: rgb(0, 0, 0); font-family: &quot;PT Root UI&quot;, sans-serif; text-align: justify;\">Kemçiligi bolşy ýaly kabul etmegi hem-de özüňe, şeýle-de gelşikliligiňe bolan ynamda ýaşamagy öwrenmeli.</p><p style=\"margin-right: 0px; margin-bottom: 20px; margin-left: 0px; word-break: break-word; color: rgb(0, 0, 0); font-family: &quot;PT Root UI&quot;, sans-serif; text-align: justify;\"><strong style=\"font-weight: bold;\">Köp pikirlenmek — zyýanly</strong></p><p style=\"margin-right: 0px; margin-bottom: 20px; margin-left: 0px; word-break: break-word; color: rgb(0, 0, 0); font-family: &quot;PT Root UI&quot;, sans-serif; text-align: justify;\"><strong style=\"font-weight: bold;\"><a href=\"https://turkmenportal.com/images/uploads/images/pubs/2022/%D0%B0%D0%B2%D0%B3%D1%83%D1%81%D1%82/19/interracial-couple-sitting-back-back-bed.jpg\" class=\"fancybox\" rel=\"blog\" data-fancybox=\"blog\" style=\"color: rgb(66, 139, 202); text-decoration-line: none; cursor: zoom-in;\"><img alt=\"\" src=\"https://turkmenportal.com/images/uploads/images/pubs/2022/%D0%B0%D0%B2%D0%B3%D1%83%D1%81%D1%82/19/interracial-couple-sitting-back-back-bed.jpg\" style=\"border: 0px; margin: 10px; height: 231px; width: 350px;\"></a></strong></p><p style=\"margin-right: 0px; margin-bottom: 20px; margin-left: 0px; word-break: break-word; color: rgb(0, 0, 0); font-family: &quot;PT Root UI&quot;, sans-serif; text-align: justify;\">Zenan maşgala nähili pikirlenýär? Eger haýsydyr bir mesele ýüze çyksa, zenan şolbada aňynda bu meseleden gelip çykjak netijeleri toplaýar, olary yzygiderli oýlaýar we zynjyrlaýyn täsiri emele getirýär. Mysal üçin, ýanýoldaşy haýsydyr bir zady, meselem, getirjek diýip söz beren süýjüligini ýadyndan çykarsa, ony ýadyndan çykardy däl-de, bilýärdi, emma ýadyna düşürjek bolmady diýip oýlaýar. Şu logika bilenem aýalyň kellesine geljek zat: şol ýadyna düşmedik bolsa, onda hökman başga biri (başga bir zat) barada pikir edendir, men oňa geregem däldirin. Ine, durna üstüne urna diýlişi ýaly, şu ýagdaýda erkegiň ozalky eden güman etdiriji hereketleri-de zenana “kömege” ýetişýär.</p><p style=\"margin-right: 0px; margin-bottom: 20px; margin-left: 0px; word-break: break-word; color: rgb(0, 0, 0); font-family: &quot;PT Root UI&quot;, sans-serif; text-align: justify;\"><strong style=\"font-weight: bold;\">Başgalar barada&nbsp;</strong>asla pikir etmezligi öwrenmeli.</p><p style=\"margin-right: 0px; margin-bottom: 20px; margin-left: 0px; word-break: break-word; color: rgb(0, 0, 0); font-family: &quot;PT Root UI&quot;, sans-serif; text-align: justify;\"><strong style=\"font-weight: bold;\">No Drama ýa-da köşeşmeli, diňe köşeşmeli</strong></p><p style=\"margin-right: 0px; margin-bottom: 20px; margin-left: 0px; word-break: break-word; color: rgb(0, 0, 0); font-family: &quot;PT Root UI&quot;, sans-serif; text-align: justify;\">Eger erkek kişi haýsydyr bir şowsuzlyga uçrasa, onda ol aýal maşgaladan tapawutlylykda ähli bolan zatlaryň sebäbini özünden görmek bilen, munuň üçin özüni gynap durmaýar. Erkek kişi aglaba ýagdaýda dürli bolan zat üçin tiz köşeşip bilýär, ýagdaýy bolşy ýaly kabul&nbsp; edip bilýär. Bu bolsa aýal bilen baglylykda ýüze çykan ýagdaýynda zenanyň gaharyny getirýär. Erkek kişiniň bu babatdaky ýörelgesi hiç bir zat üçin nerwyňa täsir etmek gerek däl-de, diňe başaryp biljek zatlaryň aladasyny etmek ýa-da başga meseleleriň barada oýlanmak.</p><p style=\"margin-right: 0px; margin-bottom: 20px; margin-left: 0px; word-break: break-word; color: rgb(0, 0, 0); font-family: &quot;PT Root UI&quot;, sans-serif; text-align: justify;\">Öz başarýan zatlarymyza kaýyl bolmagy, munuň üçin üýtgemezligi we dürli hili oýunlary oýlap tapmazlygy öwrenmeli.</p><p style=\"margin-right: 0px; margin-bottom: 20px; margin-left: 0px; word-break: break-word; color: rgb(0, 0, 0); font-family: &quot;PT Root UI&quot;, sans-serif; text-align: justify;\"><strong style=\"font-weight: bold;\">Öz ýeriňi bilmek</strong></p><p style=\"margin-right: 0px; margin-bottom: 20px; margin-left: 0px; word-break: break-word; color: rgb(0, 0, 0); font-family: &quot;PT Root UI&quot;, sans-serif; text-align: justify;\">Eger zenan has ynamly bolsa we öz isleýän zadynyň bolmagyny talap edip, onuň üçin ýerliksiz göreşmäge, hatda dawalaşmaga-da taýýar hereketleri görkezse, adamlar ony öz ýerini bilmeýän şerçi hökmünde kabul ederler. Bu ýagdaý köpçülige ýaramaýar. Erkek bolsa bu ýagdaýda öz ýerini bilmek bilen ähli zada sada göz bilen garamagy başarar.<br>Mundan bolsa lider bolmakda özüňi sadalyk bilen sylatmagy, köpüň seni goldamagyny başarmagy öwrenmek zerur. Emma has beter, gereginden artyk derejede hereket etmän, diňe özüňe möhüm bolan zat bilen çäklenmek ýeterlikdir.</p><p style=\"margin-right: 0px; margin-bottom: 20px; margin-left: 0px; word-break: break-word; color: rgb(0, 0, 0); font-family: &quot;PT Root UI&quot;, sans-serif; text-align: justify;\"><strong style=\"font-weight: bold;\">Göni manyda düşünişmek</strong></p><p style=\"margin-right: 0px; margin-bottom: 20px; margin-left: 0px; word-break: break-word; color: rgb(0, 0, 0); font-family: &quot;PT Root UI&quot;, sans-serif; text-align: justify;\">Eger erkek kişi nämedir bir zatlary aýtmak isleýän bolsa, ol ony göni manysynda, has düşnükli görnüşde beýan edýär. Olar has inçe kakdyrmalary, manyly garaýyşlary, sessiz sözleşmeleri we aýallaryň pikiriçe dogry bolan inçe duýgular bilen bir zady duýdurmaga düşünmeýärler. Munuň netijesinde bolsa zat ýok ýerden jedeller hem-de düşünişmezlikler döreýär.</p><p style=\"margin-right: 0px; margin-bottom: 20px; margin-left: 0px; word-break: break-word; color: rgb(0, 0, 0); font-family: &quot;PT Root UI&quot;, sans-serif; text-align: justify;\">Has düşnükli, edil iş meselesindäki ýaly sada dilde gepleşmegi öwrenmeli.</p><p style=\"margin-right: 0px; margin-bottom: 20px; margin-left: 0px; word-break: break-word; color: rgb(0, 0, 0); font-family: &quot;PT Root UI&quot;, sans-serif; text-align: justify;\"><strong style=\"font-weight: bold;\">Bagtyň gözleginde: özüňe ýeterlik derejede düşünmek we özüňe ynamyň bolmagy</strong></p><p style=\"margin-right: 0px; margin-bottom: 20px; margin-left: 0px; word-break: break-word; color: rgb(0, 0, 0); font-family: &quot;PT Root UI&quot;, sans-serif; text-align: justify;\"><a href=\"https://turkmenportal.com/images/uploads/images/pubs/2022/%D0%B0%D0%B2%D0%B3%D1%83%D1%81%D1%82/19/business-man-going-meeting.jpg\" class=\"fancybox\" rel=\"blog\" data-fancybox=\"blog\" style=\"color: rgb(66, 139, 202); text-decoration-line: none; cursor: zoom-in;\"><img alt=\"\" src=\"https://turkmenportal.com/images/uploads/images/pubs/2022/%D0%B0%D0%B2%D0%B3%D1%83%D1%81%D1%82/19/business-man-going-meeting.jpg\" style=\"border: 0px; margin: 10px; height: 234px; width: 350px;\"></a></p><p style=\"margin-right: 0px; margin-bottom: 20px; margin-left: 0px; word-break: break-word; color: rgb(0, 0, 0); font-family: &quot;PT Root UI&quot;, sans-serif; text-align: justify;\">Psihologlaryň köpüsi aýallar üçin bagtyň formulasy — çyndan söýýän ýanýoldaşynyň we çagalarynyň bolmagy diýip hasap edýärler. Erkekler bolsa tersine — daş-töwerege bagly bolmazdan özlerini bagtly duýmak isleýärler. Olar üçin maşgaladan başga-da iş (zähmet ýoly), güýmenjeler, okuw we özüňi kämilleşdirmäge ýardam edýän beýleki zatlar bar.</p><p style=\"margin-right: 0px; margin-bottom: 20px; margin-left: 0px; word-break: break-word; color: rgb(0, 0, 0); font-family: &quot;PT Root UI&quot;, sans-serif; text-align: justify;\">Özümizi söýmegi, munuň üçin wagt aýyrmagy we kimdir biriniň bizi bagtly etmegine garaşmazlygy öwrenmeli. Biziň içimizdäki sazlaşykly duýgular we bagtymyz ýakynlarymyzy hem bagtly edýär.</p><p style=\"margin-right: 0px; margin-bottom: 20px; margin-left: 0px; word-break: break-word; color: rgb(0, 0, 0); font-family: &quot;PT Root UI&quot;, sans-serif; text-align: justify;\"><strong style=\"font-weight: bold;\">Zenan raýdaşlygy?</strong></p><p style=\"margin-right: 0px; margin-bottom: 20px; margin-left: 0px; word-break: break-word; color: rgb(0, 0, 0); font-family: &quot;PT Root UI&quot;, sans-serif; text-align: justify;\">Erkekleriň dostlugynda güman etme we raýdaşlyk ýüze çykmaýar. Erkek kişi üçin aýalynyň goldawy köplenç emosional duýgudaşlygyň zerur bolan ýagdaýynda we joralarynyň gyzyklanmalary täsir etmeýän ýagdaýlarda has aýdyň ýüze çykýar. Munda gelin bilen gaýyn enäniň arasynda ýüze çykýan düşünişmezlikleriň aýratyn, özbaşyna başga bir meseledigini bellemek gerek. Onsoňam, jorasy arkasyndan gep ýaýradan ýagdaýynda ýa-da göriplik bilen bir waka oýlap tapanda her bir aýalyň bolman-da bir hekaýajygy döredýändigi mälimdir.</p><p style=\"margin-right: 0px; margin-bottom: 20px; margin-left: 0px; word-break: break-word; color: rgb(0, 0, 0); font-family: &quot;PT Root UI&quot;, sans-serif; text-align: justify;\">Mundan bolsa birek-biregi sylamagy we goldaw bermegi öwrenmeli.</p><p style=\"margin-right: 0px; margin-bottom: 20px; margin-left: 0px; word-break: break-word; color: rgb(0, 0, 0); font-family: &quot;PT Root UI&quot;, sans-serif; text-align: justify;\"><em>Peýdalanylan çeşmeler: miracle lady.ru; signorina.ru; vplate.ru; gurutest.ru; www.b17.ru.</em></p><p style=\"margin-right: 0px; margin-bottom: 20px; margin-left: 0px; word-break: break-word; color: rgb(0, 0, 0); font-family: &quot;PT Root UI&quot;, sans-serif; text-align: justify;\">&nbsp;</p>', 'active', '2022-09-14 12:15:29', '2022-09-14 12:15:29'),
(25, 'Öý bezegindäki heýkeljikler: kiçijik, ýöne manyly bezegler', 'oy-bezegindaki-heykeljikler-kicijik-yone-manyly-bezegler', '20220914171633.jpg', '<p style=\"margin-right: 0px; margin-bottom: 20px; margin-left: 0px; word-break: break-word; color: rgb(0, 0, 0); font-family: &quot;PT Root UI&quot;, sans-serif; text-align: justify;\">Öý hojalykçylar elmydama öýleri dürli esbaplar bilen bezäp, jaýyň rahat gurşawyny döretmäge synanyşypdyrlar. Hut şu maksat bilenem jaýlarda owadan çarçuwalardaky suratlar, nakgaşlyk eseleri, bezeg aýnalary asylýar we otaglar küýzelerdäki ösümliklerdir güller bilen bezelýär. Bu babatda iň meşhur we iň göwnejaý bezeg elementleriniň hatarynda adamlaryň, haýwanlaryň, zatlaryň ýa-da mifiki jandarlaryň şekilleri ýaly heýkeljikler hem bar.</p><p style=\"margin-right: 0px; margin-bottom: 20px; margin-left: 0px; word-break: break-word; color: rgb(0, 0, 0); font-family: &quot;PT Root UI&quot;, sans-serif; text-align: justify;\">Aslynda, şeýle heýkeljikleriň her biri öz daşky keşine görä, bir alamaty aňladyp, maksatlara ýetmäge itergi berýär diýen yrym hem bar. Bu makalada käbir heýkeljigiň aňladýan manysyny anyk mysallara ýüzlenip beýan ederis.</p><p style=\"margin-right: 0px; margin-bottom: 20px; margin-left: 0px; word-break: break-word; color: rgb(0, 0, 0); font-family: &quot;PT Root UI&quot;, sans-serif; text-align: justify;\"><a href=\"https://turkmenportal.com/images/uploads/images/pubs/2022/%D0%98%D1%8E%D0%BD%D1%8C/17/14.jpg\" class=\"fancybox\" rel=\"blog\" data-fancybox=\"blog\" style=\"color: rgb(66, 139, 202); text-decoration-line: none; cursor: zoom-in;\"><img alt=\"\" src=\"https://turkmenportal.com/images/uploads/images/pubs/2022/%D0%98%D1%8E%D0%BD%D1%8C/17/14.jpg\" style=\"border: 0px; margin: 10px; height: 157px; width: 350px;\"></a></p><p style=\"margin-right: 0px; margin-bottom: 20px; margin-left: 0px; word-break: break-word; color: rgb(0, 0, 0); font-family: &quot;PT Root UI&quot;, sans-serif; text-align: justify;\"><strong style=\"font-weight: bold;\">Adamlar</strong></p><p style=\"margin-right: 0px; margin-bottom: 20px; margin-left: 0px; word-break: break-word; color: rgb(0, 0, 0); font-family: &quot;PT Root UI&quot;, sans-serif; text-align: justify;\">Adamlaryň suratlary ondaky adamyň ýagdaýyna, geýimine, alyp barýan işine laýyklykda islendik manyny özünde jemläp biler. Mysal üçin, çagalar — ýagşylygyň, bagtyň hem-de şähdaçyklygyň nyşany. Suratda şekillendirilen gyz ýa-da zenan — näzikligiň, romantikanyň we ýakymlylygyň keşbi bolup, är-aýal gatnaşyklarda özara düşünişmäge we sazlaşyga goşant goşýar.</p><p style=\"margin-right: 0px; margin-bottom: 20px; margin-left: 0px; word-break: break-word; color: rgb(0, 0, 0); font-family: &quot;PT Root UI&quot;, sans-serif; text-align: justify;\"><a href=\"https://turkmenportal.com/images/uploads/images/pubs/2022/%D0%98%D1%8E%D0%BD%D1%8C/17/26.jpg\" class=\"fancybox\" rel=\"blog\" data-fancybox=\"blog\" style=\"color: rgb(66, 139, 202); text-decoration-line: none; cursor: zoom-in;\"><img alt=\"\" src=\"https://turkmenportal.com/images/uploads/images/pubs/2022/%D0%98%D1%8E%D0%BD%D1%8C/17/26.jpg\" style=\"border: 0px; margin: 10px; height: 350px; width: 234px;\"></a></p><p style=\"margin-right: 0px; margin-bottom: 20px; margin-left: 0px; word-break: break-word; color: rgb(0, 0, 0); font-family: &quot;PT Root UI&quot;, sans-serif; text-align: justify;\"><strong style=\"font-weight: bold;\">Perişdeler, melekler we elfler</strong></p><p style=\"margin-right: 0px; margin-bottom: 20px; margin-left: 0px; word-break: break-word; color: rgb(0, 0, 0); font-family: &quot;PT Root UI&quot;, sans-serif; text-align: justify;\">Aýdyşlaryna görä, bu personažlar hojaýynyny goraýar we oňa şowlulyk getirýär. Perişdeler ýagtylygyň we ýagşylygyň habarçylarydyr, ertekilerdäki elfler bolsa baýlyk eçilýän we hojaýynynyň şatlanmagyna hem-de üstünlik gazanmagyna itergi berip biler.</p><p style=\"margin-right: 0px; margin-bottom: 20px; margin-left: 0px; word-break: break-word; color: rgb(0, 0, 0); font-family: &quot;PT Root UI&quot;, sans-serif; text-align: justify;\"><strong style=\"font-weight: bold;\">Haýwanlaryň şekiljikleri</strong></p><p style=\"margin-right: 0px; margin-bottom: 20px; margin-left: 0px; word-break: break-word; color: rgb(0, 0, 0); font-family: &quot;PT Root UI&quot;, sans-serif; text-align: justify;\"><strong style=\"font-weight: bold;\"><a href=\"https://turkmenportal.com/images/uploads/images/pubs/2022/%D0%98%D1%8E%D0%BD%D1%8C/17/32.jpg\" class=\"fancybox\" rel=\"blog\" data-fancybox=\"blog\" style=\"color: rgb(66, 139, 202); text-decoration-line: none; cursor: zoom-in;\"><img alt=\"\" src=\"https://turkmenportal.com/images/uploads/images/pubs/2022/%D0%98%D1%8E%D0%BD%D1%8C/17/32.jpg\" style=\"border: 0px; margin: 10px; height: 233px; width: 350px;\"></a></strong></p><p style=\"margin-right: 0px; margin-bottom: 20px; margin-left: 0px; word-break: break-word; color: rgb(0, 0, 0); font-family: &quot;PT Root UI&quot;, sans-serif; text-align: justify;\"><strong style=\"font-weight: bold;\">Pişik&nbsp;</strong>— bu merhemetiň we gözelligiň, rahatlygyň beýanydyr. Aýal maşgala üçin pişik hoşamaýlygy oýarýan bolsa, ol erkek adam üçin bolsa işinde üstünlik getirer.</p><p style=\"margin-right: 0px; margin-bottom: 20px; margin-left: 0px; word-break: break-word; color: rgb(0, 0, 0); font-family: &quot;PT Root UI&quot;, sans-serif; text-align: justify;\"><strong style=\"font-weight: bold;\">It</strong>&nbsp;— adamyň wepadar dosty bolup, ol bütin maşgalany ýamanlyklardan goraýar.</p><p style=\"margin-right: 0px; margin-bottom: 20px; margin-left: 0px; word-break: break-word; color: rgb(0, 0, 0); font-family: &quot;PT Root UI&quot;, sans-serif; text-align: justify;\"><strong style=\"font-weight: bold;\">Syçan&nbsp;</strong>— çeýeligiň we gönümelligiň çeşmesidir.</p><p style=\"margin-right: 0px; margin-bottom: 20px; margin-left: 0px; word-break: break-word; color: rgb(0, 0, 0); font-family: &quot;PT Root UI&quot;, sans-serif; text-align: justify;\"><strong style=\"font-weight: bold;\">Gnomlar</strong>&nbsp;hemişe gowaklarda baýlyk toplaýarlar. Olary öýleriňizde ýerleşdirseňiz, bu heýkeljikler size baýlyk we bereket getirer.</p><p style=\"margin-right: 0px; margin-bottom: 20px; margin-left: 0px; word-break: break-word; color: rgb(0, 0, 0); font-family: &quot;PT Root UI&quot;, sans-serif; text-align: justify;\"><strong style=\"font-weight: bold;\">Guş&nbsp;</strong>— erkinligiň, özbaşdaklygyň we adaty zatlardan ýokary galmagyň nyşanydyr. Şeýle-de guşlar yn meseleleri tiz çözmäge ýardam edýär.</p><p style=\"margin-right: 0px; margin-bottom: 20px; margin-left: 0px; word-break: break-word; color: rgb(0, 0, 0); font-family: &quot;PT Root UI&quot;, sans-serif; text-align: justify;\"><strong style=\"font-weight: bold;\">Pil&nbsp;</strong>— Gündogarda iň bir hikmetli jandarlaryň biri hasap edilýär. Sebäbi bu haýwany adamlar kuwwatlylygyň, pähimliligiň hem-de rysgal-bereketiň alamaty hasap edýärler.</p><p style=\"margin-right: 0px; margin-bottom: 20px; margin-left: 0px; word-break: break-word; color: rgb(0, 0, 0); font-family: &quot;PT Root UI&quot;, sans-serif; text-align: justify;\"><strong style=\"font-weight: bold;\">Bu agzalanlardan başga-da, özünde çäksiz gujur-gaýratlylyk berijiligi, ajaýyp duýgulary oýaryjylygy jemleýän täsin heýkeljikler bar.</strong></p><p style=\"margin-right: 0px; margin-bottom: 20px; margin-left: 0px; word-break: break-word; color: rgb(0, 0, 0); font-family: &quot;PT Root UI&quot;, sans-serif; text-align: justify;\"><strong style=\"font-weight: bold;\"><a href=\"https://turkmenportal.com/images/uploads/images/pubs/2022/%D0%98%D1%8E%D0%BD%D1%8C/17/29.jpg\" class=\"fancybox\" rel=\"blog\" data-fancybox=\"blog\" style=\"color: rgb(66, 139, 202); text-decoration-line: none; cursor: zoom-in;\"><img alt=\"\" src=\"https://turkmenportal.com/images/uploads/images/pubs/2022/%D0%98%D1%8E%D0%BD%D1%8C/17/29.jpg\" style=\"border: 0px; margin: 10px; height: 350px; width: 233px;\"></a></strong></p><p style=\"margin-right: 0px; margin-bottom: 20px; margin-left: 0px; word-break: break-word; color: rgb(0, 0, 0); font-family: &quot;PT Root UI&quot;, sans-serif; text-align: justify;\">Öýleriňize gözellik berjek we many öwüşgini çaýjak şeýle heýkeljikleri gözleýän bolsaňyz «Zemmhome» dükanyna ýüz tutup bilersiňiz. Bu ugurda «Zemmhome» dükany ýadygärlik şekilleriniň we heýkeljikleriň köp sanly görnüşlerini gyzyklanma bildirýänleriň dykgatyna ýetirýär. Aýdyňlygy we özboluşly häsiýeti bilen tapawutlanýan bezeg elementleriniň dizaýny öýlere görnüklilik, ajaýyplyk berip, gurşawyň bezegini doly üpjün etmäge giňden ýardam berer.</p><p style=\"margin-right: 0px; margin-bottom: 20px; margin-left: 0px; word-break: break-word; color: rgb(0, 0, 0); font-family: &quot;PT Root UI&quot;, sans-serif; text-align: justify;\">Owadan metal şemler, haýwanlaryň, adamlaryň heýkelleri, şeýle-de beýleki dürli heýkel elementleri — bularyň ählisini dükanyň&nbsp;<a href=\"http://zemmhome.com.tm/ru/\" target=\"_blank\" style=\"color: rgb(66, 139, 202); text-decoration-line: none;\">zemmhome.com.tm</a>&nbsp;web sahypasyndaky «Ýadygärlikler» bölüminden görüp bilersiňiz.</p><p style=\"margin-right: 0px; margin-bottom: 20px; margin-left: 0px; word-break: break-word; color: rgb(0, 0, 0); font-family: &quot;PT Root UI&quot;, sans-serif; text-align: justify;\">«Zemmhome» dükanynyň alyjylar üçin ýeňillikleri, aksiýalary we arzanladyşlary yzygiderli geçirýändigni ýatladýarys.<br><br><span style=\"font-size: 11px;\"><em>Peýdalanylan çeşme: fiftyflowers.ru.</em></span></p>', 'active', '2022-09-14 12:16:33', '2022-09-14 12:16:33');

-- --------------------------------------------------------

--
-- Структура таблицы `migrations`
--

CREATE TABLE `migrations` (
  `id` int(10) UNSIGNED NOT NULL,
  `migration` varchar(255) COLLATE utf8mb4_unicode_ci NOT NULL,
  `batch` int(11) NOT NULL
) ENGINE=InnoDB DEFAULT CHARSET=utf8mb4 COLLATE=utf8mb4_unicode_ci;

--
-- Дамп данных таблицы `migrations`
--

INSERT INTO `migrations` (`id`, `migration`, `batch`) VALUES
(1, '2014_10_12_000000_create_users_table', 1),
(2, '2014_10_12_100000_create_password_resets_table', 1),
(3, '2019_08_19_000000_create_failed_jobs_table', 1),
(4, '2019_12_14_000001_create_personal_access_tokens_table', 1),
(5, '2022_09_09_152743_categories', 1),
(6, '2022_09_09_152850_makalalar', 1),
(7, '2022_09_11_105025_habarlar', 1),
(8, '2022_09_12_162620_about', 1),
(9, '2022_09_12_162803_contact', 1);

-- --------------------------------------------------------

--
-- Структура таблицы `password_resets`
--

CREATE TABLE `password_resets` (
  `email` varchar(255) COLLATE utf8mb4_unicode_ci NOT NULL,
  `token` varchar(255) COLLATE utf8mb4_unicode_ci NOT NULL,
  `created_at` timestamp NULL DEFAULT NULL
) ENGINE=InnoDB DEFAULT CHARSET=utf8mb4 COLLATE=utf8mb4_unicode_ci;

-- --------------------------------------------------------

--
-- Структура таблицы `personal_access_tokens`
--

CREATE TABLE `personal_access_tokens` (
  `id` bigint(20) UNSIGNED NOT NULL,
  `tokenable_type` varchar(255) COLLATE utf8mb4_unicode_ci NOT NULL,
  `tokenable_id` bigint(20) UNSIGNED NOT NULL,
  `name` varchar(255) COLLATE utf8mb4_unicode_ci NOT NULL,
  `token` varchar(64) COLLATE utf8mb4_unicode_ci NOT NULL,
  `abilities` text COLLATE utf8mb4_unicode_ci DEFAULT NULL,
  `last_used_at` timestamp NULL DEFAULT NULL,
  `expires_at` timestamp NULL DEFAULT NULL,
  `created_at` timestamp NULL DEFAULT NULL,
  `updated_at` timestamp NULL DEFAULT NULL
) ENGINE=InnoDB DEFAULT CHARSET=utf8mb4 COLLATE=utf8mb4_unicode_ci;

-- --------------------------------------------------------

--
-- Структура таблицы `users`
--

CREATE TABLE `users` (
  `id` bigint(20) UNSIGNED NOT NULL,
  `name` varchar(255) COLLATE utf8mb4_unicode_ci NOT NULL,
  `email` varchar(255) COLLATE utf8mb4_unicode_ci NOT NULL,
  `email_verified_at` timestamp NULL DEFAULT NULL,
  `password` varchar(255) COLLATE utf8mb4_unicode_ci NOT NULL,
  `remember_token` varchar(100) COLLATE utf8mb4_unicode_ci DEFAULT NULL,
  `created_at` timestamp NULL DEFAULT NULL,
  `updated_at` timestamp NULL DEFAULT NULL
) ENGINE=InnoDB DEFAULT CHARSET=utf8mb4 COLLATE=utf8mb4_unicode_ci;

--
-- Дамп данных таблицы `users`
--

INSERT INTO `users` (`id`, `name`, `email`, `email_verified_at`, `password`, `remember_token`, `created_at`, `updated_at`) VALUES
(1, 'Hudayberdi Polatow', 'polat@gmail.com', '2022-09-12 11:48:37', '$2y$10$YbT0JSGs5sO.6DEHmG0TB.6JP0PG6NUplJEd.7jgzYp3ALN1IEh.2', '7UDOvfTFVJqT6eIv7EMYhKCB45MdaBYWQwdTSUxA7X3XZljrDRLkmOFkTI88', '2022-09-12 11:48:37', '2022-09-12 11:48:37');

--
-- Индексы сохранённых таблиц
--

--
-- Индексы таблицы `about`
--
ALTER TABLE `about`
  ADD PRIMARY KEY (`id`);

--
-- Индексы таблицы `categories`
--
ALTER TABLE `categories`
  ADD PRIMARY KEY (`id`);

--
-- Индексы таблицы `contact`
--
ALTER TABLE `contact`
  ADD PRIMARY KEY (`id`);

--
-- Индексы таблицы `failed_jobs`
--
ALTER TABLE `failed_jobs`
  ADD PRIMARY KEY (`id`),
  ADD UNIQUE KEY `failed_jobs_uuid_unique` (`uuid`);

--
-- Индексы таблицы `habarlar`
--
ALTER TABLE `habarlar`
  ADD PRIMARY KEY (`id`),
  ADD KEY `habarlar_category_id_foreign` (`category_id`);

--
-- Индексы таблицы `makalalar`
--
ALTER TABLE `makalalar`
  ADD PRIMARY KEY (`id`);

--
-- Индексы таблицы `migrations`
--
ALTER TABLE `migrations`
  ADD PRIMARY KEY (`id`);

--
-- Индексы таблицы `password_resets`
--
ALTER TABLE `password_resets`
  ADD KEY `password_resets_email_index` (`email`);

--
-- Индексы таблицы `personal_access_tokens`
--
ALTER TABLE `personal_access_tokens`
  ADD PRIMARY KEY (`id`),
  ADD UNIQUE KEY `personal_access_tokens_token_unique` (`token`),
  ADD KEY `personal_access_tokens_tokenable_type_tokenable_id_index` (`tokenable_type`,`tokenable_id`);

--
-- Индексы таблицы `users`
--
ALTER TABLE `users`
  ADD PRIMARY KEY (`id`),
  ADD UNIQUE KEY `users_email_unique` (`email`);

--
-- AUTO_INCREMENT для сохранённых таблиц
--

--
-- AUTO_INCREMENT для таблицы `about`
--
ALTER TABLE `about`
  MODIFY `id` bigint(20) UNSIGNED NOT NULL AUTO_INCREMENT, AUTO_INCREMENT=2;

--
-- AUTO_INCREMENT для таблицы `categories`
--
ALTER TABLE `categories`
  MODIFY `id` bigint(20) UNSIGNED NOT NULL AUTO_INCREMENT, AUTO_INCREMENT=16;

--
-- AUTO_INCREMENT для таблицы `contact`
--
ALTER TABLE `contact`
  MODIFY `id` bigint(20) UNSIGNED NOT NULL AUTO_INCREMENT, AUTO_INCREMENT=2;

--
-- AUTO_INCREMENT для таблицы `failed_jobs`
--
ALTER TABLE `failed_jobs`
  MODIFY `id` bigint(20) UNSIGNED NOT NULL AUTO_INCREMENT;

--
-- AUTO_INCREMENT для таблицы `habarlar`
--
ALTER TABLE `habarlar`
  MODIFY `id` bigint(20) UNSIGNED NOT NULL AUTO_INCREMENT, AUTO_INCREMENT=29;

--
-- AUTO_INCREMENT для таблицы `makalalar`
--
ALTER TABLE `makalalar`
  MODIFY `id` bigint(20) UNSIGNED NOT NULL AUTO_INCREMENT, AUTO_INCREMENT=26;

--
-- AUTO_INCREMENT для таблицы `migrations`
--
ALTER TABLE `migrations`
  MODIFY `id` int(10) UNSIGNED NOT NULL AUTO_INCREMENT, AUTO_INCREMENT=10;

--
-- AUTO_INCREMENT для таблицы `personal_access_tokens`
--
ALTER TABLE `personal_access_tokens`
  MODIFY `id` bigint(20) UNSIGNED NOT NULL AUTO_INCREMENT;

--
-- AUTO_INCREMENT для таблицы `users`
--
ALTER TABLE `users`
  MODIFY `id` bigint(20) UNSIGNED NOT NULL AUTO_INCREMENT, AUTO_INCREMENT=2;

--
-- Ограничения внешнего ключа сохраненных таблиц
--

--
-- Ограничения внешнего ключа таблицы `habarlar`
--
ALTER TABLE `habarlar`
  ADD CONSTRAINT `habarlar_category_id_foreign` FOREIGN KEY (`category_id`) REFERENCES `categories` (`id`) ON DELETE CASCADE;
COMMIT;

/*!40101 SET CHARACTER_SET_CLIENT=@OLD_CHARACTER_SET_CLIENT */;
/*!40101 SET CHARACTER_SET_RESULTS=@OLD_CHARACTER_SET_RESULTS */;
/*!40101 SET COLLATION_CONNECTION=@OLD_COLLATION_CONNECTION */;
